monsterident;datum;fewsparametercategorie;fewsparameternaam;meetwaarde;eenheid;x_location;y_location
WN_FC2010271416;2010-02-09 09:47;IONEN;Calcium na filtratie (mg/l);88.0;mg/l;128859;480426
WN_FC2010273313;2010-03-01 09:25;IONEN;Calcium na filtratie (mg/l);77.0;mg/l;119349;493061
WN_FC2010274054;2010-03-10 09:25;IONEN;Calcium na filtratie (mg/l);81.0;mg/l;128859;480426
WN_FC2010274207;2010-03-12 10:05;IONEN;Calcium na filtratie (mg/l);95.0;mg/l;119445;463875
WN_FC2010275013;2010-03-15 09:29;IONEN;Calcium na filtratie (mg/l);100.0;mg/l;125290;470063
WN_FC2010272158;2010-03-25 09:55;IONEN;Calcium na filtratie (mg/l);100.0;mg/l;125290;470063
WN_FC2010276055;2010-03-29 09:20;IONEN;Calcium na filtratie (mg/l);80.0;mg/l;119349;493061
WN_FC2010276881;2010-04-08 07:51;IONEN;Calcium na filtratie (mg/l);84.0;mg/l;128859;480426
WN_FC2010276921;2010-04-08 08:53;IONEN;Calcium na filtratie (mg/l);100.0;mg/l;119445;463875
WN_FC2010277238;2010-04-12 10:50;IONEN;Calcium na filtratie (mg/l);100.0;mg/l;125290;470063
WN_FC2010277948;2010-04-19 08:48;IONEN;Calcium na filtratie (mg/l);82.0;mg/l;119349;493061
WN_FC2010279513;2010-05-06 08:33;IONEN;Calcium na filtratie (mg/l);110.0;mg/l;119445;463875
WN_FC2010279933;2010-05-10 11:10;IONEN;Calcium na filtratie (mg/l);91.0;mg/l;125290;470063
WN_FC2010279537;2010-05-12 10:24;IONEN;Calcium na filtratie (mg/l);72.0;mg/l;128859;480426
WN_FC2010280427;2010-05-17 08:50;IONEN;Calcium na filtratie (mg/l);81.0;mg/l;119349;493061
WN_FC2010282246;2010-06-03 08:24;IONEN;Calcium na filtratie (mg/l);68.0;mg/l;128859;480426
WN_FC2010282540;2010-06-07 12:29;IONEN;Calcium na filtratie (mg/l);83.0;mg/l;125290;470063
WN_FC2010282994;2010-06-14 08:40;IONEN;Calcium na filtratie (mg/l);80.0;mg/l;119349;493061
WN_FC2010283074;2010-06-14 08:45;IONEN;Calcium na filtratie (mg/l);96.0;mg/l;119445;463875
WN_FC2010284970;2010-07-05 11:20;IONEN;Calcium na filtratie (mg/l);91.0;mg/l;125290;470063
WN_FC2010285326;2010-07-08 09:38;IONEN;Calcium na filtratie (mg/l);64.0;mg/l;128859;480426
WN_FC2010285750;2010-07-15 09:58;IONEN;Calcium na filtratie (mg/l);110.0;mg/l;119445;463875
WN_FC2010286862;2010-07-26 09:50;IONEN;Calcium na filtratie (mg/l);79.0;mg/l;119349;493061
WN_FC2010287767;2010-08-02 11:48;IONEN;Calcium na filtratie (mg/l);88.0;mg/l;125290;470063
WN_FC2010288632;2010-08-12 08:57;IONEN;Calcium na filtratie (mg/l);61.0;mg/l;128859;480426
WN_FC2010289187;2010-08-19 08:49;IONEN;Calcium na filtratie (mg/l);87.0;mg/l;119445;463875
WN_FC2010289904;2010-08-23 08:50;IONEN;Calcium na filtratie (mg/l);73.0;mg/l;119349;493061
WN_FC2010290666;2010-09-03 08:21;IONEN;Calcium na filtratie (mg/l);69.0;mg/l;128859;480426
WN_FC2010291652;2010-09-13 11:18;IONEN;Calcium na filtratie (mg/l);85.0;mg/l;125290;470063
WN_FC2010291792;2010-09-16 09:40;IONEN;Calcium na filtratie (mg/l);83.0;mg/l;119445;463875
WN_FC2010292648;2010-09-20 09:29;IONEN;Calcium na filtratie (mg/l);78.0;mg/l;119349;493061
WN_FC2010292794;2010-09-21 11:14;IONEN;Calcium na filtratie (mg/l);91.0;mg/l;127540;473186
WN_FC2010293711;2010-10-05 10:15;IONEN;Calcium na filtratie (mg/l);91.0;mg/l;125290;470063
WN_FC2010293721;2010-10-06 08:33;IONEN;Calcium na filtratie (mg/l);85.0;mg/l;119445;463875
WN_FC2010293772;2010-10-07 08:08;IONEN;Calcium na filtratie (mg/l);80.0;mg/l;128859;480426
WN_FC2010294616;2010-10-18 09:20;IONEN;Calcium na filtratie (mg/l);83.0;mg/l;119349;493061
WN_FC2010295809;2010-10-27 12:01;IONEN;Calcium na filtratie (mg/l);94.0;mg/l;127540;473186
WN_FC2010296238;2010-11-01 12:10;IONEN;Calcium na filtratie (mg/l);92.0;mg/l;125290;470063
WN_FC2010296160;2010-11-02 09:36;IONEN;Calcium na filtratie (mg/l);84.0;mg/l;119445;463875
WN_FC2010296242;2010-11-03 08:43;IONEN;Calcium na filtratie (mg/l);82.0;mg/l;128859;480426
WN_FC2010297595;2010-11-15 08:40;IONEN;Calcium na filtratie (mg/l);83.0;mg/l;119349;493061
WN_FC2010298397;2010-11-25 11:23;IONEN;Calcium na filtratie (mg/l);90.0;mg/l;127540;473186
WN_FC2010299155;2010-12-13 08:58;IONEN;Calcium na filtratie (mg/l);75.0;mg/l;128859;480426
WN_FC2011302481;2011-01-11 09:23;IONEN;Calcium na filtratie (mg/l);140.0;mg/l;127540;473186
WN_FC2011302266;2011-01-24 11:42;IONEN;Calcium na filtratie (mg/l);64.0;mg/l;119694;464951
WN_FC2011303993;2011-01-31 12:30;IONEN;Calcium na filtratie (mg/l);97.0;mg/l;120698;488852
WN_FC2011304167;2011-02-02 10:00;IONEN;Calcium na filtratie (mg/l);80.0;mg/l;119445;463875
WN_FC2011304168;2011-02-02 10:07;IONEN;Calcium na filtratie (mg/l);76.0;mg/l;119694;464951
WN_FC2011304243;2011-02-03 09:39;IONEN;Calcium na filtratie (mg/l);74.0;mg/l;128859;480426
WN_FC2011303870;2011-02-07 10:05;IONEN;Calcium na filtratie (mg/l);91.0;mg/l;125290;470063
WN_FC2011305001;2011-02-10 10:00;IONEN;Calcium na filtratie (mg/l);120.0;mg/l;127540;473186
WN_FC2011305886;2011-02-21 08:50;IONEN;Calcium na filtratie (mg/l);82.0;mg/l;119349;493061
WN_FC2011307265;2011-03-10 10:55;IONEN;Calcium na filtratie (mg/l);110.0;mg/l;127540;473186
WN_FC2011307166;2011-03-10 11:16;IONEN;Calcium na filtratie (mg/l);76.0;mg/l;119694;464951
WN_FC2011309296;2011-04-06 11:16;IONEN;Calcium na filtratie (mg/l);120.0;mg/l;120698;488852
WN_FC2011309648;2011-04-08 08:28;IONEN;Calcium na filtratie (mg/l);92.0;mg/l;128859;480426
WN_FC2011309892;2011-04-11 10:11;IONEN;Calcium na filtratie (mg/l);110.0;mg/l;127540;473186
WN_FC2011309929;2011-04-11 11:40;IONEN;Calcium na filtratie (mg/l);100.0;mg/l;125290;470063
WN_FC2011310440;2011-04-14 08:29;IONEN;Calcium na filtratie (mg/l);92.0;mg/l;119445;463875
WN_FC2011310441;2011-04-14 08:39;IONEN;Calcium na filtratie (mg/l);83.0;mg/l;119694;464951
WN_FC2011310844;2011-04-18 09:05;IONEN;Calcium na filtratie (mg/l);84.0;mg/l;119349;493061
WN_FC2011312936;2011-05-12 09:44;IONEN;Calcium na filtratie (mg/l);85.0;mg/l;119694;464951
WN_FC2011313264;2011-05-16 09:18;IONEN;Calcium na filtratie (mg/l);71.0;mg/l;127540;473186
WN_FC2011315046;2011-06-01 08:06;IONEN;Calcium na filtratie (mg/l);74.0;mg/l;128859;480426
WN_FC2011315158;2011-06-06 11:15;IONEN;Calcium na filtratie (mg/l);91.0;mg/l;125290;470063
WN_FC2011315438;2011-06-08 12:28;IONEN;Calcium na filtratie (mg/l);130.0;mg/l;120698;488852
WN_FC2011316359;2011-06-17 09:14;IONEN;Calcium na filtratie (mg/l);82.0;mg/l;119694;464951
WN_FC2011316358;2011-06-17 09:21;IONEN;Calcium na filtratie (mg/l);120.0;mg/l;119445;463875
WN_FC2011316830;2011-06-22 09:56;IONEN;Calcium na filtratie (mg/l);79.0;mg/l;127540;473186
WN_FC2011317322;2011-06-27 08:55;IONEN;Calcium na filtratie (mg/l);87.0;mg/l;119349;493061
WN_FC2011318073;2011-07-06 11:41;IONEN;Calcium na filtratie (mg/l);110.0;mg/l;120698;488852
WN_FC2011319082;2011-07-13 09:32;IONEN;Calcium na filtratie (mg/l);92.0;mg/l;119445;463875
WN_FC2011319083;2011-07-13 09:40;IONEN;Calcium na filtratie (mg/l);76.0;mg/l;119694;464951
WN_FC2011318317;2011-07-13 12:14;IONEN;Calcium na filtratie (mg/l);62.0;mg/l;128859;480426
WN_FC2011319409;2011-07-25 08:40;IONEN;Calcium na filtratie (mg/l);84.0;mg/l;119349;493061
WN_FC2011319559;2011-07-26 09:00;IONEN;Calcium na filtratie (mg/l);96.0;mg/l;127540;473186
WN_FC2011319408;2011-07-28 09:40;IONEN;Calcium na filtratie (mg/l);84.0;mg/l;125290;470063
WN_FC2011321260;2011-08-04 08:20;IONEN;Calcium na filtratie (mg/l);71.0;mg/l;128859;480426
WN_FC2011322125;2011-08-05 08:20;IONEN;Calcium na filtratie (mg/l);73.0;mg/l;119445;463875
WN_FC2011322126;2011-08-05 08:29;IONEN;Calcium na filtratie (mg/l);68.0;mg/l;119694;464951
WN_FC2011321256;2011-08-08 11:41;IONEN;Calcium na filtratie (mg/l);99.0;mg/l;120698;488852
WN_FC2011322704;2011-08-15 12:15;IONEN;Calcium na filtratie (mg/l);84.0;mg/l;125290;470063
WN_FC2011322838;2011-08-17 09:22;IONEN;Calcium na filtratie (mg/l);75.0;mg/l;127540;473186
WN_FC2011322705;2011-08-22 09:00;IONEN;Calcium na filtratie (mg/l);85.0;mg/l;119349;493061
WN_FC2011324787;2011-09-09 00:00;IONEN;Calcium na filtratie (mg/l);57.0;mg/l;119694;464951
WN_FC2011325459;2011-09-27 09:40;IONEN;Calcium na filtratie (mg/l);96.0;mg/l;127540;473186
WN_FC2011327975;2011-10-06 09:31;IONEN;Calcium na filtratie (mg/l);69.0;mg/l;128859;480426
WN_FC2011327844;2011-10-07 11:48;IONEN;Calcium na filtratie (mg/l);110.0;mg/l;120698;488852
WN_FC2011328332;2011-10-10 09:38;IONEN;Calcium na filtratie (mg/l);65.0;mg/l;119694;464951
WN_FC2011328331;2011-10-10 10:00;IONEN;Calcium na filtratie (mg/l);90.0;mg/l;119445;463875
WN_FC2011328291;2011-10-13 09:13;IONEN;Calcium na filtratie (mg/l);84.0;mg/l;125290;470063
WN_FC2011328631;2011-10-14 10:11;IONEN;Calcium na filtratie (mg/l);110.0;mg/l;127540;473186
WN_FC2011329760;2011-10-31 08:36;IONEN;Calcium na filtratie (mg/l);85.0;mg/l;119349;493061
WN_FC2011331884;2011-11-08 09:05;IONEN;Calcium na filtratie (mg/l);160.0;mg/l;127540;473186
WN_FC2011332086;2011-11-10 10:46;IONEN;Calcium na filtratie (mg/l);74.0;mg/l;119694;464951
WN_FC2011334613;2011-12-01 09:35;IONEN;Calcium na filtratie (mg/l);79.0;mg/l;128859;480426
WN_FC2011334535;2011-12-01 10:50;IONEN;Calcium na filtratie (mg/l);120.0;mg/l;120698;488852
WN_FC2011335497;2011-12-07 09:49;IONEN;Calcium na filtratie (mg/l);79.0;mg/l;127540;473186
WN_FC2011335193;2011-12-08 09:34;IONEN;Calcium na filtratie (mg/l);100.0;mg/l;119445;463875
WN_FC2011335194;2011-12-08 09:44;IONEN;Calcium na filtratie (mg/l);72.0;mg/l;119694;464951
WN_FC2011336402;2011-12-19 09:25;IONEN;Calcium na filtratie (mg/l);84.0;mg/l;119349;493061
WN_FC2011335730;2011-12-21 09:55;IONEN;Calcium na filtratie (mg/l);92.0;mg/l;125290;470063
WN_FC2012338155;2012-01-17 10:13;IONEN;Calcium na filtratie (mg/l);140.0;mg/l;127540;473186
WN_FC2012340237;2012-02-20 10:03;IONEN;Calcium na filtratie (mg/l);110.0;mg/l;120698;488852
WN_FC2012340348;2012-02-21 08:29;IONEN;Calcium na filtratie (mg/l);98.0;mg/l;119445;463875
WN_FC2012340260;2012-02-23 08:28;IONEN;Calcium na filtratie (mg/l);68.0;mg/l;128859;480426
WN_FC2012340281;2012-02-27 08:30;IONEN;Calcium na filtratie (mg/l);83.0;mg/l;119349;493061
WN_FC2012340394;2012-02-27 10:51;IONEN;Calcium na filtratie (mg/l);91.0;mg/l;125290;470063
WN_FC2012342122;2012-03-21 09:29;IONEN;Calcium na filtratie (mg/l);150.0;mg/l;127540;473186
WN_FC2012344007;2012-04-04 07:52;IONEN;Calcium na filtratie (mg/l);84.0;mg/l;128859;480426
WN_FC2012343980;2012-04-04 11:58;IONEN;Calcium na filtratie (mg/l);120.0;mg/l;120698;488852
WN_FC2012344401;2012-04-11 10:05;IONEN;Calcium na filtratie (mg/l);98.0;mg/l;119445;463875
WN_FC2012344922;2012-04-16 09:25;IONEN;Calcium na filtratie (mg/l);85.0;mg/l;119349;493061
WN_FC2012345011;2012-04-18 09:50;IONEN;Calcium na filtratie (mg/l);100.0;mg/l;127540;473186
WN_FC2012344921;2012-04-27 09:50;IONEN;Calcium na filtratie (mg/l);95.0;mg/l;125290;470063
WN_FC2012347506;2012-05-15 09:29;IONEN;Calcium na filtratie (mg/l);82.0;mg/l;127540;473186
WN_FC2012349943;2012-06-04 12:29;IONEN;Calcium na filtratie (mg/l);76.0;mg/l;125290;470063
WN_FC2012350232;2012-06-06 10:20;IONEN;Calcium na filtratie (mg/l);83.0;mg/l;120698;488852
WN_FC2012350387;2012-06-14 09:00;IONEN;Calcium na filtratie (mg/l);64.0;mg/l;128859;480426
WN_FC2012350885;2012-06-14 09:04;IONEN;Calcium na filtratie (mg/l);89.0;mg/l;119445;463875
WN_FC2012351259;2012-06-18 08:49;IONEN;Calcium na filtratie (mg/l);81.0;mg/l;119349;493061
WN_FC2012351480;2012-06-20 08:16;IONEN;Calcium na filtratie (mg/l);64.0;mg/l;127540;473186
WN_FC2012352156;2012-07-02 11:04;IONEN;Calcium na filtratie (mg/l);80.0;mg/l;125290;470063
WN_FC2012352417;2012-07-04 10:54;IONEN;Calcium na filtratie (mg/l);100.0;mg/l;120698;488852
WN_FC2012352521;2012-07-05 08:07;IONEN;Calcium na filtratie (mg/l);61.0;mg/l;128859;480426
WN_FC2012353093;2012-07-10 10:03;IONEN;Calcium na filtratie (mg/l);71.0;mg/l;119445;463875
WN_FC2012353114;2012-07-11 10:15;IONEN;Calcium na filtratie (mg/l);74.0;mg/l;127540;473186
WN_FC2012353779;2012-07-16 00:00;IONEN;Calcium na filtratie (mg/l);82.0;mg/l;119349;493061
WN_FC2012355458;2012-07-30 10:17;IONEN;Calcium na filtratie (mg/l);77.0;mg/l;125290;470063
WN_FC2012355657;2012-08-01 11:30;IONEN;Calcium na filtratie (mg/l);87.0;mg/l;120698;488852
WN_FC2012355867;2012-08-02 09:17;IONEN;Calcium na filtratie (mg/l);61.0;mg/l;128859;480426
WN_FC2012355892;2012-08-03 10:51;IONEN;Calcium na filtratie (mg/l);66.0;mg/l;119445;463875
WN_FC2012356311;2012-08-09 09:47;IONEN;Calcium na filtratie (mg/l);69.0;mg/l;127540;473186
WN_FC2012357537;2012-08-27 09:15;IONEN;Calcium na filtratie (mg/l);84.0;mg/l;119349;493061
WN_FC2012358894;2012-09-13 09:14;IONEN;Calcium na filtratie (mg/l);86.0;mg/l;127540;473186
WN_FC2012360132;2012-10-01 11:22;IONEN;Calcium na filtratie (mg/l);71.0;mg/l;119445;463875
WN_FC2012360324;2012-10-02 00:00;IONEN;Calcium na filtratie (mg/l);100.0;mg/l;120698;488852
WN_FC2012360399;2012-10-02 11:00;IONEN;Calcium na filtratie (mg/l);60.0;mg/l;128859;480426
WN_FC2012361252;2012-10-15 00:00;IONEN;Calcium na filtratie (mg/l);84.0;mg/l;119349;493061
WN_FC2012361333;2012-10-16 09:16;IONEN;Calcium na filtratie (mg/l);100.0;mg/l;127540;473186
WN_FC2012361376;2012-10-23 11:40;IONEN;Calcium na filtratie (mg/l);81.0;mg/l;125290;470063
WN_FC2012363707;2012-11-20 09:24;IONEN;Calcium na filtratie (mg/l);130.0;mg/l;127540;473186
WN_FC2012364965;2012-12-05 09:17;IONEN;Calcium na filtratie (mg/l);63.0;mg/l;128859;480426
WN_FC2012365076;2012-12-06 10:49;IONEN;Calcium na filtratie (mg/l);100.0;mg/l;119445;463875
WN_FC2012365097;2012-12-06 13:00;IONEN;Calcium na filtratie (mg/l);110.0;mg/l;120698;488852
WN_FC2012365609;2012-12-11 09:55;IONEN;Calcium na filtratie (mg/l);86.0;mg/l;119349;493061
WN_FC2012365773;2012-12-13 09:42;IONEN;Calcium na filtratie (mg/l);110.0;mg/l;127540;473186
WN_FC2012366171;2012-12-18 10:45;IONEN;Calcium na filtratie (mg/l);97.0;mg/l;125290;470063
WN_FC2013369095;2013-02-05 11:30;IONEN;Calcium na filtratie (mg/l);110.0;mg/l;119540;476400
WN_FC2013369014;2013-02-06 11:47;IONEN;Calcium na filtratie (mg/l);55.0;mg/l;128859;480426
WN_FC2013369234;2013-02-07 10:56;IONEN;Calcium na filtratie (mg/l);87.0;mg/l;119445;463875
WN_FC2013368717;2013-02-18 09:45;IONEN;Calcium na filtratie (mg/l);82.0;mg/l;119349;493061
WN_FC2013370098;2013-02-18 12:35;IONEN;Calcium na filtratie (mg/l);81.0;mg/l;125290;470063
WN_FC2013371337;2013-03-12 10:57;IONEN;Calcium na filtratie (mg/l);110.0;mg/l;119540;476400
WN_FC2013373025;2013-04-09 11:44;IONEN;Calcium na filtratie (mg/l);80.0;mg/l;128859;480426
WN_FC2013373208;2013-04-10 09:09;IONEN;Calcium na filtratie (mg/l);120.0;mg/l;119540;476400
WN_FC2013373519;2013-04-15 09:35;IONEN;Calcium na filtratie (mg/l);84.0;mg/l;119349;493061
WN_FC2013373843;2013-04-18 09:05;IONEN;Calcium na filtratie (mg/l);81.0;mg/l;119445;463875
WN_FC2013374341;2013-04-22 11:05;IONEN;Calcium na filtratie (mg/l);74.0;mg/l;125290;470063
WN_FC2013375896;2013-05-17 09:58;IONEN;Calcium na filtratie (mg/l);99.0;mg/l;119540;476400
WN_FC2013377702;2013-06-10 12:30;IONEN;Calcium na filtratie (mg/l);63.0;mg/l;128859;480426
WN_FC2013377810;2013-06-12 09:01;IONEN;Calcium na filtratie (mg/l);100.0;mg/l;119540;476400
WN_FC2013378268;2013-06-17 11:29;IONEN;Calcium na filtratie (mg/l);73.0;mg/l;125290;470063
WN_FC2013378429;2013-06-20 09:39;IONEN;Calcium na filtratie (mg/l);87.0;mg/l;119445;463875
WN_FC2013378827;2013-06-24 09:25;IONEN;Calcium na filtratie (mg/l);86.0;mg/l;119349;493061
WN_FC2013380165;2013-07-10 10:10;IONEN;Calcium na filtratie (mg/l);59.0;mg/l;128859;480426
WN_FC2013380121;2013-07-10 10:34;IONEN;Calcium na filtratie (mg/l);73.0;mg/l;119445;463875
WN_FC2013381464;2013-07-15 09:15;IONEN;Calcium na filtratie (mg/l);86.0;mg/l;119349;493061
WN_FC2013382067;2013-07-22 11:17;IONEN;Calcium na filtratie (mg/l);69.0;mg/l;125290;470063
WN_FC2013383298;2013-08-08 09:10;IONEN;Calcium na filtratie (mg/l);91.0;mg/l;119445;463875
WN_FC2013383284;2013-08-08 09:41;IONEN;Calcium na filtratie (mg/l);100.0;mg/l;119540;476400
WN_FC2013383715;2013-08-12 10:38;IONEN;Calcium na filtratie (mg/l);70.0;mg/l;128859;480426
WN_FC2013384389;2013-08-19 09:49;IONEN;Calcium na filtratie (mg/l);84.0;mg/l;119349;493061
WN_FC2013385737;2013-08-26 10:55;IONEN;Calcium na filtratie (mg/l);83.0;mg/l;125290;470063
WN_FC2013387348;2013-09-11 10:00;IONEN;Calcium na filtratie (mg/l);51.0;mg/l;119540;476400
WN_FC2013390372;2013-10-07 09:39;IONEN;Calcium na filtratie (mg/l);74.0;mg/l;128859;480426
WN_FC2013391344;2013-10-21 09:50;IONEN;Calcium na filtratie (mg/l);87.0;mg/l;119349;493061
WN_FC2013391442;2013-10-31 10:19;IONEN;Calcium na filtratie (mg/l);84.0;mg/l;119540;476400
WN_FC2013391903;2013-10-31 10:20;IONEN;Calcium na filtratie (mg/l);91.0;mg/l;119445;463875
WN_FC2013391726;2013-11-06 10:52;IONEN;Calcium na filtratie (mg/l);82.0;mg/l;125290;470063
WN_FC2013393006;2013-11-13 12:39;IONEN;Calcium na filtratie (mg/l);90.0;mg/l;119540;476400
WN_FC2013394592;2013-12-03 09:11;IONEN;Calcium na filtratie (mg/l);90.0;mg/l;119445;463875
WN_FC2013395206;2013-12-10 12:05;IONEN;Calcium na filtratie (mg/l);84.0;mg/l;128859;480426
WN_FC2013395338;2013-12-11 09:55;IONEN;Calcium na filtratie (mg/l);86.0;mg/l;125290;470063
WN_FC2013395381;2013-12-12 13:01;IONEN;Calcium na filtratie (mg/l);110.0;mg/l;119540;476400
WN_FC2014396953;2014-01-16 11:29;IONEN;Calcium na filtratie (mg/l);120.0;mg/l;119540;476400
WN_FC2014397174;2014-01-16 13:04;IONEN;Calcium na filtratie (mg/l);110.0;mg/l;125742;475126
WN_FC2014398443;2014-02-05 09:05;IONEN;Calcium na filtratie (mg/l);110.0;mg/l;119445;463875
WN_FC2014398566;2014-02-05 10:15;IONEN;Calcium na filtratie (mg/l);100.0;mg/l;119540;476400
WN_FC2014398497;2014-02-06 11:09;IONEN;Calcium na filtratie (mg/l);72.0;mg/l;128859;480426
WN_FC2014398888;2014-02-10 09:46;IONEN;Calcium na filtratie (mg/l);81.0;mg/l;119349;493061
WN_FC2014399074;2014-02-13 09:28;IONEN;Calcium na filtratie (mg/l);87.0;mg/l;125742;475126
WN_FC2014399029;2014-02-18 10:05;IONEN;Calcium na filtratie (mg/l);90.0;mg/l;125290;470063
WN_FC2014400671;2014-03-10 10:17;IONEN;Calcium na filtratie (mg/l);110.0;mg/l;119540;476400
WN_FC2014400867;2014-03-13 09:40;IONEN;Calcium na filtratie (mg/l);110.0;mg/l;125742;475126
WN_FC2014402042;2014-04-02 09:28;IONEN;Calcium na filtratie (mg/l);77.0;mg/l;128859;480426
WN_FC2014402559;2014-04-07 09:26;IONEN;Calcium na filtratie (mg/l);92.0;mg/l;119349;493061
WN_FC2014402591;2014-04-08 08:48;IONEN;Calcium na filtratie (mg/l);100.0;mg/l;119445;463875
WN_FC2014402691;2014-04-09 10:50;IONEN;Calcium na filtratie (mg/l);96.0;mg/l;125290;470063
WN_FC2014402623;2014-04-09 10:57;IONEN;Calcium na filtratie (mg/l);92.0;mg/l;119540;476400
WN_FC2014402721;2014-04-10 11:46;IONEN;Calcium na filtratie (mg/l);110.0;mg/l;125742;475126
WN_FC2014405161;2014-05-12 10:47;IONEN;Calcium na filtratie (mg/l);88.0;mg/l;119540;476400
WN_FC2014405738;2014-05-16 12:08;IONEN;Calcium na filtratie (mg/l);110.0;mg/l;125742;475126
WN_FC2014406906;2014-06-02 09:20;IONEN;Calcium na filtratie (mg/l);90.0;mg/l;119349;493061
WN_FC2014407748;2014-06-11 11:45;IONEN;Calcium na filtratie (mg/l);88.0;mg/l;125290;470063
WN_FC2014408370;2014-06-13 08:53;IONEN;Calcium na filtratie (mg/l);82.0;mg/l;119540;476400
WN_FC2014406999;2014-06-13 09:20;IONEN;Calcium na filtratie (mg/l);62.0;mg/l;128859;480426
WN_FC2014408612;2014-06-20 09:28;IONEN;Calcium na filtratie (mg/l);95.0;mg/l;125742;475126
WN_FC2014409990;2014-06-24 10:04;IONEN;Calcium na filtratie (mg/l);82.0;mg/l;119445;463875
WN_FC2014410490;2014-06-30 09:15;IONEN;Calcium na filtratie (mg/l);84.0;mg/l;119349;493061
WN_FC2014410870;2014-07-03 10:15;IONEN;Calcium na filtratie (mg/l);110.0;mg/l;119540;476400
WN_FC2014410812;2014-07-03 13:27;IONEN;Calcium na filtratie (mg/l);69.0;mg/l;128859;480426
WN_FC2014411155;2014-07-07 12:40;IONEN;Calcium na filtratie (mg/l);100.0;mg/l;125742;475126
WN_FC2014411310;2014-07-08 11:29;IONEN;Calcium na filtratie (mg/l);78.0;mg/l;125290;470063
WN_FC2014411322;2014-07-09 08:29;IONEN;Calcium na filtratie (mg/l);83.0;mg/l;119445;463875
WN_FC2014413765;2014-08-05 11:30;IONEN;Calcium na filtratie (mg/l);75.0;mg/l;125290;470063
WN_FC2014413854;2014-08-06 09:10;IONEN;Calcium na filtratie (mg/l);70.0;mg/l;119445;463875
WN_FC2014414053;2014-08-08 11:15;IONEN;Calcium na filtratie (mg/l);66.0;mg/l;128859;480426
WN_FC2014414307;2014-08-11 09:45;IONEN;Calcium na filtratie (mg/l);78.0;mg/l;119349;493061
WN_FC2014414366;2014-08-12 09:58;IONEN;Calcium na filtratie (mg/l);67.0;mg/l;119540;476400
WN_FC2014414632;2014-08-25 12:05;IONEN;Calcium na filtratie (mg/l);88.0;mg/l;125742;475126
WN_FC2014417463;2014-09-11 12:23;IONEN;Calcium na filtratie (mg/l);69.0;mg/l;119540;476400
WN_FC2014417891;2014-09-15 10:21;IONEN;Calcium na filtratie (mg/l);76.0;mg/l;125742;475126
WN_FC2014419173;2014-10-01 12:03;IONEN;Calcium na filtratie (mg/l);85.0;mg/l;128859;480426
WN_FC2014419258;2014-10-03 08:35;IONEN;Calcium na filtratie (mg/l);77.0;mg/l;119445;463875
WN_FC2014419558;2014-10-06 09:06;IONEN;Calcium na filtratie (mg/l);83.0;mg/l;119349;493061
WN_FC2014419645;2014-10-07 09:27;IONEN;Calcium na filtratie (mg/l);87.0;mg/l;119540;476400
WN_FC2014420020;2014-10-13 11:00;IONEN;Calcium na filtratie (mg/l);96.0;mg/l;125742;475126
WN_FC2014420182;2014-10-14 10:56;IONEN;Calcium na filtratie (mg/l);70.0;mg/l;125290;470063
WN_FC2014422469;2014-11-14 08:51;IONEN;Calcium na filtratie (mg/l);130.0;mg/l;125742;475126
WN_FC2014422439;2014-11-14 09:39;IONEN;Calcium na filtratie (mg/l);86.0;mg/l;119540;476400
WN_FC2014423532;2014-12-01 09:30;IONEN;Calcium na filtratie (mg/l);79.0;mg/l;119349;493061
WN_FC2014423758;2014-12-04 09:23;IONEN;Calcium na filtratie (mg/l);88.0;mg/l;128859;480426
WN_FC2014424285;2014-12-09 09:49;IONEN;Calcium na filtratie (mg/l);110.0;mg/l;119540;476400
WN_FC2014424379;2014-12-10 12:42;IONEN;Calcium na filtratie (mg/l);110.0;mg/l;125742;475126
WN_FC2014424179;2014-12-15 10:16;IONEN;Calcium na filtratie (mg/l);86.0;mg/l;119445;463875
WN_FC2014424360;2014-12-16 10:28;IONEN;Calcium na filtratie (mg/l);73.0;mg/l;125290;470063
WP425553;2015-01-07 12:40;IONEN;Calcium na filtratie (mg/l);180.0;mg/l;121753;491915
WP426552;2015-01-22 11:45;IONEN;Calcium na filtratie (mg/l);110.0;mg/l;125742;475126
WP427363;2015-02-02 11:49;IONEN;Calcium na filtratie (mg/l);78.0;mg/l;119349;493061
WP427763;2015-02-03 10:30;IONEN;Calcium na filtratie (mg/l);67.0;mg/l;125290;470063
WP427649;2015-02-04 10:55;IONEN;Calcium na filtratie (mg/l);160.0;mg/l;121753;491915
WP427601;2015-02-05 11:18;IONEN;Calcium na filtratie (mg/l);60.0;mg/l;128859;480426
WP428999;2015-02-26 10:36;IONEN;Calcium na filtratie (mg/l);74.0;mg/l;119445;463875
WP428571;2015-02-27 09:14;IONEN;Calcium na filtratie (mg/l);90.0;mg/l;125742;475126
WP429400;2015-03-03 09:10;IONEN;Calcium na filtratie (mg/l);150.0;mg/l;121753;491915
WP430797;2015-03-19 09:52;IONEN;Calcium na filtratie (mg/l);120.0;mg/l;125742;475126
WP431639;2015-04-01 11:04;IONEN;Calcium na filtratie (mg/l);63.0;mg/l;128859;480426
WP431926;2015-04-07 10:20;IONEN;Calcium na filtratie (mg/l);130.0;mg/l;121753;491915
WP431945;2015-04-07 10:46;IONEN;Calcium na filtratie (mg/l);85.0;mg/l;119349;493061
WP433622;2015-04-24 10:19;IONEN;Calcium na filtratie (mg/l);92.0;mg/l;125742;475126
WP434131;2015-05-01 11:05;IONEN;Calcium na filtratie (mg/l);82.0;mg/l;119445;463875
WP434217;2015-05-01 12:35;IONEN;Calcium na filtratie (mg/l);68.0;mg/l;125290;470063
WP434980;2015-05-06 10:18;IONEN;Calcium na filtratie (mg/l);110.0;mg/l;121753;491915
WP436650;2015-05-28 07:59;IONEN;Calcium na filtratie (mg/l);46.0;mg/l;125742;475126
WP438208;2015-06-01 09:22;IONEN;Calcium na filtratie (mg/l);88.0;mg/l;119349;493061
WP438410;2015-06-02 11:29;IONEN;Calcium na filtratie (mg/l);120.0;mg/l;121753;491915
WP438467;2015-06-03 09:20;IONEN;Calcium na filtratie (mg/l);70.0;mg/l;128859;480426
WP440437;2015-06-23 09:50;IONEN;Calcium na filtratie (mg/l);82.0;mg/l;125290;470063
WP440463;2015-06-24 09:15;IONEN;Calcium na filtratie (mg/l);57.0;mg/l;125742;475126
WP440522;2015-06-25 10:01;IONEN;Calcium na filtratie (mg/l);93.0;mg/l;119445;463875
WP442471;2015-07-03 07:15;IONEN;Calcium na filtratie (mg/l);69.0;mg/l;128859;480426
WP442468;2015-07-03 09:35;IONEN;Calcium na filtratie (mg/l);120.0;mg/l;121753;491915
WP442845;2015-07-06 09:55;IONEN;Calcium na filtratie (mg/l);81.0;mg/l;119349;493061
WP443649;2015-07-16 08:20;IONEN;Calcium na filtratie (mg/l);63.0;mg/l;125742;475126
WP444179;2015-07-21 09:35;IONEN;Calcium na filtratie (mg/l);81.0;mg/l;125290;470063
WP444395;2015-07-24 10:20;IONEN;Calcium na filtratie (mg/l);110.0;mg/l;119445;463875
WP445260;2015-08-04 11:12;IONEN;Calcium na filtratie (mg/l);87.0;mg/l;119349;493061
WP445499;2015-08-06 09:18;IONEN;Calcium na filtratie (mg/l);150.0;mg/l;121753;491915
WP445527;2015-08-07 07:50;IONEN;Calcium na filtratie (mg/l);66.0;mg/l;128859;480426
WP446161;2015-08-13 11:10;IONEN;Calcium na filtratie (mg/l);75.0;mg/l;125742;475126
WP446487;2015-08-18 10:25;IONEN;Calcium na filtratie (mg/l);77.0;mg/l;125290;470063
WP447208;2015-08-31 11:12;IONEN;Calcium na filtratie (mg/l);68.0;mg/l;119445;463875
WP447879;2015-09-04 09:23;IONEN;Calcium na filtratie (mg/l);99.0;mg/l;121753;491915
WP450200;2015-10-02 09:00;IONEN;Calcium na filtratie (mg/l);75.0;mg/l;128859;480426
WP450050;2015-10-02 14:00;IONEN;Calcium na filtratie (mg/l);130.0;mg/l;121753;491915
WP450329;2015-10-05 10:50;IONEN;Calcium na filtratie (mg/l);79.0;mg/l;119349;493061
WP451220;2015-10-15 10:30;IONEN;Calcium na filtratie (mg/l);71.0;mg/l;125290;470063
WP451502;2015-10-21 11:29;IONEN;Calcium na filtratie (mg/l);140.0;mg/l;125742;475126
WP452553;2015-10-28 11:36;IONEN;Calcium na filtratie (mg/l);85.0;mg/l;119445;463875
WP453091;2015-11-03 11:08;IONEN;Calcium na filtratie (mg/l);130.0;mg/l;121753;491915
WP454016;2015-11-19 11:55;IONEN;Calcium na filtratie (mg/l);110.0;mg/l;125742;475126
WP454981;2015-12-02 14:09;IONEN;Calcium na filtratie (mg/l);120.0;mg/l;121753;491915
WP455044;2015-12-04 12:54;IONEN;Calcium na filtratie (mg/l);78.0;mg/l;128859;480426
WP455211;2015-12-07 12:27;IONEN;Calcium na filtratie (mg/l);82.0;mg/l;119349;493061
WP455408;2015-12-15 08:45;IONEN;Calcium na filtratie (mg/l);76.0;mg/l;125290;470063
WP455853;2015-12-17 13:20;IONEN;Calcium na filtratie (mg/l);140.0;mg/l;125742;475126
WP456356;2015-12-22 11:40;IONEN;Calcium na filtratie (mg/l);74.0;mg/l;119445;463875
WP457489;2016-01-14 10:55;IONEN;Calcium na filtratie (mg/l);150.0;mg/l;121753;491915
WP459456;2016-02-08 10:50;IONEN;Calcium na filtratie (mg/l);84.0;mg/l;119349;493061
WP459046;2016-02-09 11:04;IONEN;Calcium na filtratie (mg/l);69.0;mg/l;128859;480426
WP459595;2016-02-09 11:10;IONEN;Calcium na filtratie (mg/l);170.0;mg/l;121753;491915
WP460008;2016-02-16 09:56;IONEN;Calcium na filtratie (mg/l);83.0;mg/l;119445;463875
WP460462;2016-02-23 11:09;IONEN;Calcium na filtratie (mg/l);73.0;mg/l;125290;470063
WP461852;2016-03-14 09:16;IONEN;Calcium na filtratie (mg/l);150.0;mg/l;121753;491915
WP463237;2016-04-04 11:12;IONEN;Calcium na filtratie (mg/l);75.0;mg/l;119349;493061
WP463325;2016-04-05 10:30;IONEN;Calcium na filtratie (mg/l);160.0;mg/l;121753;491915
WP463925;2016-04-13 08:21;IONEN;Calcium na filtratie (mg/l);74.0;mg/l;128859;480426
WP464300;2016-04-18 13:20;IONEN;Calcium na filtratie (mg/l);82.0;mg/l;119445;463875
WP464954;2016-04-25 10:30;IONEN;Calcium na filtratie (mg/l);66.0;mg/l;125290;470063
WP466525;2016-05-12 10:05;IONEN;Calcium na filtratie (mg/l);130.0;mg/l;121753;491915
WP468531;2016-06-06 10:11;IONEN;Calcium na filtratie (mg/l);85.0;mg/l;119349;493061
WP468880;2016-06-09 08:35;IONEN;Calcium na filtratie (mg/l);61.0;mg/l;128859;480426
WP468663;2016-06-09 11:29;IONEN;Calcium na filtratie (mg/l);66.0;mg/l;126697;470310
WP468923;2016-06-10 10:10;IONEN;Calcium na filtratie (mg/l);80.0;mg/l;121753;491915
WP469973;2016-06-13 11:20;IONEN;Calcium na filtratie (mg/l);66.0;mg/l;125290;470063
WP470012;2016-06-14 12:15;IONEN;Calcium na filtratie (mg/l);79.0;mg/l;119445;463875
WP472541;2016-07-04 09:44;IONEN;Calcium na filtratie (mg/l);87.0;mg/l;119349;493061
WP472624;2016-07-05 10:04;IONEN;Calcium na filtratie (mg/l);91.0;mg/l;121753;491915
WP472827;2016-07-07 10:37;IONEN;Calcium na filtratie (mg/l);59.0;mg/l;126697;470310
WP473194;2016-07-11 11:20;IONEN;Calcium na filtratie (mg/l);61.0;mg/l;125290;470063
WP473348;2016-07-12 10:39;IONEN;Calcium na filtratie (mg/l);67.0;mg/l;119445;463875
WP473495;2016-07-15 08:15;IONEN;Calcium na filtratie (mg/l);62.0;mg/l;128859;480426
WP475322;2016-08-01 09:50;IONEN;Calcium na filtratie (mg/l);76.0;mg/l;119349;493061
WP475540;2016-08-03 10:34;IONEN;Calcium na filtratie (mg/l);120.0;mg/l;121753;491915
WP475979;2016-08-08 11:50;IONEN;Calcium na filtratie (mg/l);62.0;mg/l;125290;470063
WP476193;2016-08-11 10:35;IONEN;Calcium na filtratie (mg/l);54.0;mg/l;126697;470310
WP476160;2016-08-18 07:51;IONEN;Calcium na filtratie (mg/l);62.0;mg/l;128859;480426
WP476779;2016-08-18 10:26;IONEN;Calcium na filtratie (mg/l);58.0;mg/l;119445;463875
WP478503;2016-09-08 09:58;IONEN;Calcium na filtratie (mg/l);130.0;mg/l;121753;491915
WP480499;2016-10-04 11:33;IONEN;Calcium na filtratie (mg/l);130.0;mg/l;121753;491915
WP480516;2016-10-05 11:05;IONEN;Calcium na filtratie (mg/l);68.0;mg/l;126697;470310
WP481081;2016-10-10 09:15;IONEN;Calcium na filtratie (mg/l);81.0;mg/l;119349;493061
WP481146;2016-10-11 08:00;IONEN;Calcium na filtratie (mg/l);72.0;mg/l;128859;480426
WP481580;2016-10-17 10:50;IONEN;Calcium na filtratie (mg/l);72.0;mg/l;125290;470063
WP482329;2016-10-26 11:10;IONEN;Calcium na filtratie (mg/l);73.0;mg/l;119445;463875
WP482879;2016-11-04 11:48;IONEN;Calcium na filtratie (mg/l);99.0;mg/l;121753;491915
WP484841;2016-11-30 10:50;IONEN;Calcium na filtratie (mg/l);88.0;mg/l;126697;470310
WP485074;2016-12-05 09:50;IONEN;Calcium na filtratie (mg/l);100.0;mg/l;119349;493061
WP485267;2016-12-08 08:35;IONEN;Calcium na filtratie (mg/l);78.0;mg/l;128859;480426
WP485359;2016-12-09 13:37;IONEN;Calcium na filtratie (mg/l);130.0;mg/l;121753;491915
WP485928;2016-12-19 10:38;IONEN;Calcium na filtratie (mg/l);95.0;mg/l;119445;463875
WP488494;2017-02-02 09:24;IONEN;Calcium na filtratie (mg/l);73.0;mg/l;128859;480426
WP488741;2017-02-06 11:25;IONEN;Calcium na filtratie (mg/l);85.0;mg/l;119349;493061
WP489074;2017-02-09 11:48;IONEN;Calcium na filtratie (mg/l);110.0;mg/l;119445;463875
WP489357;2017-02-14 12:00;IONEN;Calcium na filtratie (mg/l);77.0;mg/l;125290;470063
WP489946;2017-02-22 09:28;IONEN;Calcium na filtratie (mg/l);93.0;mg/l;126697;470310
WP492790;2017-04-03 09:20;IONEN;Calcium na filtratie (mg/l);110.0;mg/l;119349;493061
WP493079;2017-04-07 12:42;IONEN;Calcium na filtratie (mg/l);100.0;mg/l;119445;463875
WP493401;2017-04-10 12:18;IONEN;Calcium na filtratie (mg/l);100.0;mg/l;128859;480426
WP494026;2017-04-20 11:22;IONEN;Calcium na filtratie (mg/l);81.0;mg/l;126697;470310
WP494316;2017-04-21 11:20;IONEN;Calcium na filtratie (mg/l);90.0;mg/l;125290;470063
WP499923;2017-06-09 09:10;IONEN;Calcium na filtratie (mg/l);70.0;mg/l;128859;480426
WP499995;2017-06-09 12:57;IONEN;Calcium na filtratie (mg/l);86.0;mg/l;119445;463875
WP500159;2017-06-12 10:16;IONEN;Calcium na filtratie (mg/l);92.0;mg/l;119349;493061
WP500266;2017-06-13 11:35;IONEN;Calcium na filtratie (mg/l);77.0;mg/l;125290;470063
WP501549;2017-06-28 09:49;IONEN;Calcium na filtratie (mg/l);90.0;mg/l;126697;470310
WP502288;2017-07-06 11:40;IONEN;Calcium na filtratie (mg/l);130.0;mg/l;119445;463875
WP502845;2017-07-10 09:31;IONEN;Calcium na filtratie (mg/l);110.0;mg/l;119349;493061
WP502910;2017-07-11 09:15;IONEN;Calcium na filtratie (mg/l);70.0;mg/l;128859;480426
WP502946;2017-07-11 13:35;IONEN;Calcium na filtratie (mg/l);94.0;mg/l;125290;470063
WP504258;2017-07-19 09:10;IONEN;Calcium na filtratie (mg/l);75.0;mg/l;126697;470310
WP505422;2017-08-03 08:45;IONEN;Calcium na filtratie (mg/l);61.0;mg/l;128859;480426
WP506088;2017-08-04 12:30;IONEN;Calcium na filtratie (mg/l);73.0;mg/l;119445;463875
WP505993;2017-08-08 11:44;IONEN;Calcium na filtratie (mg/l);73.0;mg/l;125290;470063
WP506649;2017-08-14 10:15;IONEN;Calcium na filtratie (mg/l);100.0;mg/l;119349;493061
WP507473;2017-08-23 11:47;IONEN;Calcium na filtratie (mg/l);69.0;mg/l;126697;470310
WP511164;2017-10-02 10:05;IONEN;Calcium na filtratie (mg/l);95.0;mg/l;119349;493061
WP512435;2017-10-16 09:29;IONEN;Calcium na filtratie (mg/l);80.0;mg/l;128859;480426
WP512074;2017-10-16 10:15;IONEN;Calcium na filtratie (mg/l);69.0;mg/l;125290;470063
WP512689;2017-10-20 12:40;IONEN;Calcium na filtratie (mg/l);93.0;mg/l;119445;463875
WP513099;2017-10-26 13:10;IONEN;Calcium na filtratie (mg/l);72.0;mg/l;126697;470310
WP515809;2017-12-01 09:58;IONEN;Calcium na filtratie (mg/l);72.0;mg/l;128859;480426
WP515933;2017-12-04 10:00;IONEN;Calcium na filtratie (mg/l);99.0;mg/l;119349;493061
WP516239;2017-12-07 13:45;IONEN;Calcium na filtratie (mg/l);100.0;mg/l;119445;463875
WP516664;2017-12-11 10:51;IONEN;Calcium na filtratie (mg/l);57.0;mg/l;126697;470310
WP516774;2017-12-13 11:15;IONEN;Calcium na filtratie (mg/l);66.0;mg/l;125290;470063
WP518094;2018-01-08 10:05;IONEN;Calcium na filtratie (mg/l);96.0;mg/l;119349;493061
WP518131;2018-01-09 11:28;IONEN;Calcium na filtratie (mg/l);72.0;mg/l;119445;463875
WP519651;2018-01-24 10:45;IONEN;Calcium na filtratie (mg/l);79.0;mg/l;128859;480426
WP519426;2018-01-30 10:25;IONEN;Calcium na filtratie (mg/l);66.0;mg/l;126697;470310
WP520161;2018-02-05 09:40;IONEN;Calcium na filtratie (mg/l);100.0;mg/l;119349;493061
WP520330;2018-02-06 12:20;IONEN;Calcium na filtratie (mg/l);81.0;mg/l;119445;463875
WP520680;2018-02-12 11:00;IONEN;Calcium na filtratie (mg/l);65.0;mg/l;126697;470310
WP521486;2018-02-21 09:15;IONEN;Calcium na filtratie (mg/l);84.0;mg/l;128859;480426
WP522306;2018-03-12 11:20;IONEN;Calcium na filtratie (mg/l);100.0;mg/l;119349;493061
WP523023;2018-03-21 10:15;IONEN;Calcium na filtratie (mg/l);85.0;mg/l;126697;470310
WP523417;2018-03-22 08:12;IONEN;Calcium na filtratie (mg/l);100.0;mg/l;128859;480426
WP522671;2018-03-23 11:58;IONEN;Calcium na filtratie (mg/l);100.0;mg/l;119445;463875
WP523635;2018-03-27 11:25;IONEN;Calcium na filtratie (mg/l);70.0;mg/l;125290;470063
WP524036;2018-04-03 10:10;IONEN;Calcium na filtratie (mg/l);97.0;mg/l;119349;493061
WP524385;2018-04-06 12:45;IONEN;Calcium na filtratie (mg/l);89.0;mg/l;119445;463875
WP525018;2018-04-17 10:38;IONEN;Calcium na filtratie (mg/l);79.0;mg/l;125290;470063
WP525130;2018-04-18 07:53;IONEN;Calcium na filtratie (mg/l);77.0;mg/l;126697;470310
WP525738;2018-04-24 10:16;IONEN;Calcium na filtratie (mg/l);100.0;mg/l;128859;480426
WP528128;2018-05-07 08:55;IONEN;Calcium na filtratie (mg/l);100.0;mg/l;119349;493061
WP528272;2018-05-09 11:40;IONEN;Calcium na filtratie (mg/l);92.0;mg/l;119445;463875
WP529073;2018-05-15 12:10;IONEN;Calcium na filtratie (mg/l);76.0;mg/l;125290;470063
WP529840;2018-05-24 08:39;IONEN;Calcium na filtratie (mg/l);80.0;mg/l;126697;470310
WP530230;2018-05-30 08:35;IONEN;Calcium na filtratie (mg/l);72.0;mg/l;128859;480426
WP530671;2018-06-04 09:10;IONEN;Calcium na filtratie (mg/l);110.0;mg/l;119349;493061
WP530761;2018-06-05 11:20;IONEN;Calcium na filtratie (mg/l);86.0;mg/l;119445;463875
WP531369;2018-06-12 11:21;IONEN;Calcium na filtratie (mg/l);78.0;mg/l;125290;470063
WP532056;2018-06-21 09:00;IONEN;Calcium na filtratie (mg/l);71.0;mg/l;126697;470310
WP532818;2018-06-28 08:07;IONEN;Calcium na filtratie (mg/l);72.0;mg/l;128859;480426
WP533227;2018-07-02 09:25;IONEN;Calcium na filtratie (mg/l);100.0;mg/l;119349;493061
WP533345;2018-07-03 11:20;IONEN;Calcium na filtratie (mg/l);120.0;mg/l;119445;463875
WP533960;2018-07-10 10:30;IONEN;Calcium na filtratie (mg/l);87.0;mg/l;125290;470063
WP534816;2018-07-18 07:41;IONEN;Calcium na filtratie (mg/l);74.0;mg/l;126697;470310
WP535325;2018-07-26 11:19;IONEN;Calcium na filtratie (mg/l);69.0;mg/l;128859;480426
WP536644;2018-08-07 10:50;IONEN;Calcium na filtratie (mg/l);76.0;mg/l;125290;470063
WP537248;2018-08-13 08:30;IONEN;Calcium na filtratie (mg/l);67.0;mg/l;126697;470310
WP537209;2018-08-13 11:40;IONEN;Calcium na filtratie (mg/l);85.0;mg/l;119445;463875
WP538150;2018-08-24 08:15;IONEN;Calcium na filtratie (mg/l);64.0;mg/l;128859;480426
WP537126;2018-08-27 09:15;IONEN;Calcium na filtratie (mg/l);100.0;mg/l;119349;493061
WP538917;2018-09-04 12:15;IONEN;Calcium na filtratie (mg/l);73.0;mg/l;125290;470063
WP539512;2018-09-10 10:10;IONEN;Calcium na filtratie (mg/l);100.0;mg/l;119349;493061
WP539557;2018-09-10 12:30;IONEN;Calcium na filtratie (mg/l);91.0;mg/l;119445;463875
WP540287;2018-09-19 11:29;IONEN;Calcium na filtratie (mg/l);82.0;mg/l;126697;470310
WP540763;2018-09-25 09:36;IONEN;Calcium na filtratie (mg/l);82.0;mg/l;128859;480426
WP541905;2018-10-08 10:10;IONEN;Calcium na filtratie (mg/l);100.0;mg/l;119349;493061
WP541997;2018-10-10 11:20;IONEN;Calcium na filtratie (mg/l);83.0;mg/l;119445;463875
WP542584;2018-10-17 09:10;IONEN;Calcium na filtratie (mg/l);77.0;mg/l;126697;470310
WP543159;2018-10-25 09:11;IONEN;Calcium na filtratie (mg/l);78.0;mg/l;128859;480426
WP543410;2018-10-30 11:36;IONEN;Calcium na filtratie (mg/l);72.0;mg/l;125290;470063
WP543775;2018-11-05 10:15;IONEN;Calcium na filtratie (mg/l);100.0;mg/l;119349;493061
WP543890;2018-11-07 12:05;IONEN;Calcium na filtratie (mg/l);95.0;mg/l;119445;463875
WP544687;2018-11-19 10:50;IONEN;Calcium na filtratie (mg/l);78.0;mg/l;125290;470063
WP544768;2018-11-21 12:25;IONEN;Calcium na filtratie (mg/l);80.0;mg/l;126697;470310
WP545094;2018-11-29 09:35;IONEN;Calcium na filtratie (mg/l);82.0;mg/l;128859;480426
WP545365;2018-12-03 10:15;IONEN;Calcium na filtratie (mg/l);100.0;mg/l;119349;493061
WP545611;2018-12-05 11:45;IONEN;Calcium na filtratie (mg/l);91.0;mg/l;119445;463875
WP545994;2018-12-11 09:20;IONEN;Calcium na filtratie (mg/l);96.0;mg/l;128859;480426
WP547483;2019-01-07 09:23;IONEN;Calcium na filtratie (mg/l);100.0;mg/l;119349;493061
WP547586;2019-01-08 09:00;IONEN;Calcium na filtratie (mg/l);110.0;mg/l;128859;480426
WP548119;2019-01-15 11:10;IONEN;Calcium na filtratie (mg/l);83.0;mg/l;125290;470063
WP548498;2019-01-23 11:50;IONEN;Calcium na filtratie (mg/l);110.0;mg/l;119445;463875
WP548859;2019-01-28 09:53;IONEN;Calcium na filtratie (mg/l);86.0;mg/l;126697;470310
WP548904;2019-01-29 10:15;IONEN;Calcium na filtratie (mg/l);110.0;mg/l;126160;476841
WP548825;2019-01-29 12:10;IONEN;Calcium na filtratie (mg/l);160.0;mg/l;121728;482650
WP549069;2019-02-04 09:48;IONEN;Calcium na filtratie (mg/l);100.0;mg/l;119349;493061
WP549175;2019-02-05 08:15;IONEN;Calcium na filtratie (mg/l);110.0;mg/l;128859;480426
WP549668;2019-02-12 10:50;IONEN;Calcium na filtratie (mg/l);78.0;mg/l;125290;470063
WP549963;2019-02-15 12:30;IONEN;Calcium na filtratie (mg/l);110.0;mg/l;119445;463875
WP550365;2019-02-20 12:20;IONEN;Calcium na filtratie (mg/l);100.0;mg/l;126160;476841
WP550372;2019-02-21 09:30;IONEN;Calcium na filtratie (mg/l);150.0;mg/l;121728;482650
WP550326;2019-02-22 08:20;IONEN;Calcium na filtratie (mg/l);85.0;mg/l;126697;470310
WP550673;2019-03-06 09:15;IONEN;Calcium na filtratie (mg/l);99.0;mg/l;119349;493061
WP550872;2019-03-06 09:52;IONEN;Calcium na filtratie (mg/l);100.0;mg/l;128859;480426
WP551679;2019-03-14 11:35;IONEN;Calcium na filtratie (mg/l);120.0;mg/l;119445;463875
WP551341;2019-03-21 11:30;IONEN;Calcium na filtratie (mg/l);82.0;mg/l;125290;470063
WP551984;2019-03-22 09:24;IONEN;Calcium na filtratie (mg/l);89.0;mg/l;126697;470310
WP552316;2019-03-25 09:25;IONEN;Calcium na filtratie (mg/l);97.0;mg/l;126160;476841
WP552310;2019-03-26 12:00;IONEN;Calcium na filtratie (mg/l);140.0;mg/l;121728;482650
WP552751;2019-04-01 08:40;IONEN;Calcium na filtratie (mg/l);110.0;mg/l;128859;480426
WP552790;2019-04-01 09:55;IONEN;Calcium na filtratie (mg/l);100.0;mg/l;119349;493061
WP554039;2019-04-16 13:30;IONEN;Calcium na filtratie (mg/l);140.0;mg/l;121728;482650
WP554083;2019-04-17 12:15;IONEN;Calcium na filtratie (mg/l);110.0;mg/l;119445;463875
WP554276;2019-04-18 09:15;IONEN;Calcium na filtratie (mg/l);94.0;mg/l;126160;476841
WP554281;2019-04-19 07:38;IONEN;Calcium na filtratie (mg/l);89.0;mg/l;126697;470310
WP554953;2019-04-30 12:10;IONEN;Calcium na filtratie (mg/l);78.0;mg/l;125290;470063
WP555459;2019-05-06 08:50;IONEN;Calcium na filtratie (mg/l);91.0;mg/l;128859;480426
WP555478;2019-05-06 09:50;IONEN;Calcium na filtratie (mg/l);110.0;mg/l;119349;493061
WP556173;2019-05-14 12:15;IONEN;Calcium na filtratie (mg/l);80.0;mg/l;125290;470063
WP556232;2019-05-15 12:40;IONEN;Calcium na filtratie (mg/l);88.0;mg/l;119445;463875
WP557866;2019-05-21 09:12;IONEN;Calcium na filtratie (mg/l);66.0;mg/l;126697;470310
WP557785;2019-05-21 12:15;IONEN;Calcium na filtratie (mg/l);120.0;mg/l;121728;482650
WP557925;2019-05-23 11:05;IONEN;Calcium na filtratie (mg/l);78.0;mg/l;126160;476841
WP559225;2019-06-03 09:25;IONEN;Calcium na filtratie (mg/l);110.0;mg/l;119349;493061
WP559403;2019-06-11 08:50;IONEN;Calcium na filtratie (mg/l);70.0;mg/l;128859;480426
WP560075;2019-06-12 10:06;IONEN;Calcium na filtratie (mg/l);98.0;mg/l;119445;463875
WP560122;2019-06-12 11:36;IONEN;Calcium na filtratie (mg/l);81.0;mg/l;125290;470063
WP560990;2019-06-21 09:50;IONEN;Calcium na filtratie (mg/l);75.0;mg/l;126886;479853
WP561302;2019-06-24 09:00;IONEN;Calcium na filtratie (mg/l);69.0;mg/l;126160;476841
WP561401;2019-06-25 08:03;IONEN;Calcium na filtratie (mg/l);66.0;mg/l;126697;470310
WP561460;2019-06-26 11:07;IONEN;Calcium na filtratie (mg/l);110.0;mg/l;121728;482650
WP561906;2019-07-01 09:00;IONEN;Calcium na filtratie (mg/l);94.0;mg/l;119349;493061
WP562330;2019-07-04 12:40;IONEN;Calcium na filtratie (mg/l);65.0;mg/l;128859;480426
WP562787;2019-07-09 12:30;IONEN;Calcium na filtratie (mg/l);73.0;mg/l;125290;470063
WP563045;2019-07-12 13:10;IONEN;Calcium na filtratie (mg/l);90.0;mg/l;126886;479853
WP564336;2019-07-15 11:10;IONEN;Calcium na filtratie (mg/l);120.0;mg/l;119445;463875
WP564301;2019-07-17 08:15;IONEN;Calcium na filtratie (mg/l);63.0;mg/l;126697;470310
WP564755;2019-07-23 09:30;IONEN;Calcium na filtratie (mg/l);68.0;mg/l;126160;476841
WP564805;2019-07-24 13:00;IONEN;Calcium na filtratie (mg/l);130.0;mg/l;121728;482650
WP565504;2019-08-06 10:30;IONEN;Calcium na filtratie (mg/l);70.0;mg/l;128859;480426
WP565450;2019-08-06 10:52;IONEN;Calcium na filtratie (mg/l);82.0;mg/l;125290;470063
WP565935;2019-08-12 10:12;IONEN;Calcium na filtratie (mg/l);95.0;mg/l;119349;493061
WP565966;2019-08-12 10:50;IONEN;Calcium na filtratie (mg/l);120.0;mg/l;121728;482650
WP566304;2019-08-12 11:30;IONEN;Calcium na filtratie (mg/l);66.0;mg/l;126160;476841
WP566856;2019-08-23 07:55;IONEN;Calcium na filtratie (mg/l);81.0;mg/l;126886;479853
WP567145;2019-08-26 08:21;IONEN;Calcium na filtratie (mg/l);64.0;mg/l;126697;470310
WP567268;2019-08-27 11:10;IONEN;Calcium na filtratie (mg/l);60.0;mg/l;119445;463875
WP568187;2019-09-09 08:50;IONEN;Calcium na filtratie (mg/l);96.0;mg/l;119349;493061
WP568718;2019-09-17 11:30;IONEN;Calcium na filtratie (mg/l);74.0;mg/l;125290;470063
WP568783;2019-09-18 11:55;IONEN;Calcium na filtratie (mg/l);65.0;mg/l;119445;463875
WP568411;2019-09-19 08:10;IONEN;Calcium na filtratie (mg/l);89.0;mg/l;126886;479853
WP569006;2019-09-20 08:31;IONEN;Calcium na filtratie (mg/l);68.0;mg/l;128859;480426
WP569144;2019-09-23 08:52;IONEN;Calcium na filtratie (mg/l);68.0;mg/l;126697;470310
WP569507;2019-09-26 09:10;IONEN;Calcium na filtratie (mg/l);64.0;mg/l;126160;476841
WP569504;2019-09-26 12:00;IONEN;Calcium na filtratie (mg/l);110.0;mg/l;121728;482650
WP569885;2019-10-02 09:31;IONEN;Calcium na filtratie (mg/l);65.0;mg/l;128859;480426
WP570427;2019-10-07 09:23;IONEN;Calcium na filtratie (mg/l);92.0;mg/l;119349;493061
WP570247;2019-10-08 10:15;IONEN;Calcium na filtratie (mg/l);69.0;mg/l;125290;470063
WP570553;2019-10-09 08:59;IONEN;Calcium na filtratie (mg/l);71.0;mg/l;126886;479853
WP571038;2019-10-16 12:27;IONEN;Calcium na filtratie (mg/l);88.0;mg/l;119445;463875
WP571596;2019-10-23 09:15;IONEN;Calcium na filtratie (mg/l);73.0;mg/l;126697;470310
WP571812;2019-10-28 11:00;IONEN;Calcium na filtratie (mg/l);140.0;mg/l;121728;482650
WP571813;2019-10-28 11:35;IONEN;Calcium na filtratie (mg/l);85.0;mg/l;126160;476841
WP572055;2019-11-04 07:50;IONEN;Calcium na filtratie (mg/l);81.0;mg/l;128859;480426
WP572097;2019-11-04 09:05;IONEN;Calcium na filtratie (mg/l);93.0;mg/l;119349;493061
WP572894;2019-11-13 09:41;IONEN;Calcium na filtratie (mg/l);42.0;mg/l;126886;479853
WP572916;2019-11-18 12:05;IONEN;Calcium na filtratie (mg/l);70.0;mg/l;125290;470063
WP573862;2019-11-27 08:38;IONEN;Calcium na filtratie (mg/l);79.0;mg/l;126697;470310
WP573891;2019-11-27 11:35;IONEN;Calcium na filtratie (mg/l);130.0;mg/l;121728;482650
WP573859;2019-11-27 12:09;IONEN;Calcium na filtratie (mg/l);82.0;mg/l;119445;463875
WP573827;2019-11-27 12:35;IONEN;Calcium na filtratie (mg/l);90.0;mg/l;126160;476841
WP574125;2019-12-02 10:37;IONEN;Calcium na filtratie (mg/l);89.0;mg/l;119349;493061
WP574222;2019-12-03 11:30;IONEN;Calcium na filtratie (mg/l);69.0;mg/l;125290;470063
WP574450;2019-12-05 08:47;IONEN;Calcium na filtratie (mg/l);110.0;mg/l;128859;480426
WP574817;2019-12-10 08:15;IONEN;Calcium na filtratie (mg/l);77.0;mg/l;126886;479853
WP574852;2019-12-11 11:24;IONEN;Calcium na filtratie (mg/l);110.0;mg/l;119445;463875
WP575247;2019-12-16 08:44;IONEN;Calcium na filtratie (mg/l);91.0;mg/l;126697;470310
WP575170;2019-12-17 11:10;IONEN;Calcium na filtratie (mg/l);120.0;mg/l;121728;482650
WP575164;2019-12-17 12:15;IONEN;Calcium na filtratie (mg/l);76.0;mg/l;126160;476841
WP576036;2020-01-06 09:56;IONEN;Calcium na filtratie (mg/l);89.0;mg/l;119349;493061
WP576789;2020-01-14 10:05;IONEN;Calcium na filtratie (mg/l);84.0;mg/l;126886;479853
WP576623;2020-01-14 12:40;IONEN;Calcium na filtratie (mg/l);260.0;mg/l;114383;466484
WP576820;2020-01-16 08:53;IONEN;Calcium na filtratie (mg/l);99.0;mg/l;128859;480426
WP576593;2020-01-17 11:51;IONEN;Calcium na filtratie (mg/l);68.0;mg/l;125290;470063
WP577291;2020-01-24 09:00;IONEN;Calcium na filtratie (mg/l);98.0;mg/l;126697;470310
WP577377;2020-01-27 10:45;IONEN;Calcium na filtratie (mg/l);140.0;mg/l;121728;482650
WP577379;2020-01-27 11:15;IONEN;Calcium na filtratie (mg/l);94.0;mg/l;126160;476841
WP577122;2020-01-31 09:41;IONEN;Calcium na filtratie (mg/l);130.0;mg/l;119445;463875
WP577906;2020-02-04 09:55;IONEN;Calcium na filtratie (mg/l);94.0;mg/l;119349;493061
WP578508;2020-02-11 08:40;IONEN;Calcium na filtratie (mg/l);77.0;mg/l;126697;470310
WP578543;2020-02-13 09:05;IONEN;Calcium na filtratie (mg/l);92.0;mg/l;128859;480426
WP578660;2020-02-17 08:15;IONEN;Calcium na filtratie (mg/l);73.0;mg/l;126886;479853
WP579129;2020-02-17 10:56;IONEN;Calcium na filtratie (mg/l);81.0;mg/l;119445;463875
WP578741;2020-02-19 10:06;IONEN;Calcium na filtratie (mg/l);260.0;mg/l;114383;466484
WP578309;2020-02-27 11:07;IONEN;Calcium na filtratie (mg/l);70.0;mg/l;125290;470063
WP579656;2020-03-03 08:13;IONEN;Calcium na filtratie (mg/l);86.0;mg/l;119349;493061
WP581058;2020-03-17 10:50;IONEN;Calcium na filtratie (mg/l);75.0;mg/l;125290;470063
WP581113;2020-03-18 10:49;IONEN;Calcium na filtratie (mg/l);120.0;mg/l;119445;463875
WP581126;2020-03-18 11:45;IONEN;Calcium na filtratie (mg/l);280.0;mg/l;114383;466484
WP581190;2020-03-19 07:45;IONEN;Calcium na filtratie (mg/l);110.0;mg/l;126886;479853
WP581217;2020-03-20 08:00;IONEN;Calcium na filtratie (mg/l);77.0;mg/l;126697;470310
WP581271;2020-03-23 10:30;IONEN;Calcium na filtratie (mg/l);120.0;mg/l;121728;482650
WP581273;2020-03-23 11:10;IONEN;Calcium na filtratie (mg/l);74.0;mg/l;126160;476841
WP581345;2020-03-25 09:10;IONEN;Calcium na filtratie (mg/l);100.0;mg/l;128859;480426
WP582006;2020-04-06 10:21;IONEN;Calcium na filtratie (mg/l);90.0;mg/l;119349;493061
WP582599;2020-04-10 08:26;IONEN;Calcium na filtratie (mg/l);71.0;mg/l;126697;470310
WP582744;2020-04-14 11:05;IONEN;Calcium na filtratie (mg/l);110.0;mg/l;121728;482650
WP582746;2020-04-14 11:40;IONEN;Calcium na filtratie (mg/l);71.0;mg/l;126160;476841
WP583008;2020-04-17 11:54;IONEN;Calcium na filtratie (mg/l);130.0;mg/l;114383;466484
WP583289;2020-04-23 08:50;IONEN;Calcium na filtratie (mg/l);87.0;mg/l;128859;480426
WP583633;2020-04-23 11:00;IONEN;Calcium na filtratie (mg/l);110.0;mg/l;119445;463875
WP583078;2020-04-24 08:15;IONEN;Calcium na filtratie (mg/l);140.0;mg/l;126886;479853
WP583979;2020-04-29 11:15;IONEN;Calcium na filtratie (mg/l);73.0;mg/l;125290;470063
WP584344;2020-05-06 11:00;IONEN;Calcium na filtratie (mg/l);93.0;mg/l;119349;493061
WP585692;2020-05-12 08:40;IONEN;Calcium na filtratie (mg/l);68.0;mg/l;126697;470310
WP586956;2020-05-15 10:20;IONEN;Calcium na filtratie (mg/l);100.0;mg/l;114383;466484
WP587445;2020-05-19 12:05;IONEN;Calcium na filtratie (mg/l);110.0;mg/l;119445;463875
WP588078;2020-05-26 11:10;IONEN;Calcium na filtratie (mg/l);77.0;mg/l;125290;470063
WP588132;2020-05-27 08:10;IONEN;Calcium na filtratie (mg/l);140.0;mg/l;126886;479853
WP588152;2020-05-27 08:25;IONEN;Calcium na filtratie (mg/l);73.0;mg/l;128859;480426
WP588231;2020-05-28 11:55;IONEN;Calcium na filtratie (mg/l);110.0;mg/l;121728;482650
WP588233;2020-05-28 13:05;IONEN;Calcium na filtratie (mg/l);76.0;mg/l;126160;476841
WP588361;2020-06-08 08:30;IONEN;Calcium na filtratie (mg/l);99.0;mg/l;119349;493061
WP589240;2020-06-10 12:00;IONEN;Calcium na filtratie (mg/l);120.0;mg/l;114383;466484
WP589838;2020-06-17 08:15;IONEN;Calcium na filtratie (mg/l);69.0;mg/l;126697;470310
WP590046;2020-06-18 08:20;IONEN;Calcium na filtratie (mg/l);99.0;mg/l;126886;479853
WP590000;2020-06-18 08:35;IONEN;Calcium na filtratie (mg/l);64.0;mg/l;128859;480426
WP590043;2020-06-18 12:30;IONEN;Calcium na filtratie (mg/l);90.0;mg/l;119445;463875
WP590470;2020-06-23 11:50;IONEN;Calcium na filtratie (mg/l);68.0;mg/l;125290;470063
WP589997;2020-06-30 10:50;IONEN;Calcium na filtratie (mg/l);110.0;mg/l;121728;482650
WP589999;2020-06-30 11:35;IONEN;Calcium na filtratie (mg/l);71.0;mg/l;126160;476841
WP591302;2020-07-06 08:54;IONEN;Calcium na filtratie (mg/l);93.0;mg/l;119349;493061
WP591633;2020-07-09 11:35;IONEN;Calcium na filtratie (mg/l);140.0;mg/l;114383;466484
WP592190;2020-07-13 09:15;IONEN;Calcium na filtratie (mg/l);93.0;mg/l;126886;479853
WP592176;2020-07-13 10:30;IONEN;Calcium na filtratie (mg/l);65.0;mg/l;126697;470310
WP592373;2020-07-15 11:58;IONEN;Calcium na filtratie (mg/l);88.0;mg/l;119445;463875
WP592207;2020-07-21 08:00;IONEN;Calcium na filtratie (mg/l);71.0;mg/l;128859;480426
WP592919;2020-07-21 10:50;IONEN;Calcium na filtratie (mg/l);71.0;mg/l;125290;470063
WP593358;2020-07-28 10:20;IONEN;Calcium na filtratie (mg/l);110.0;mg/l;121728;482650
WP593360;2020-07-28 11:05;IONEN;Calcium na filtratie (mg/l);63.0;mg/l;126160;476841
WP594221;2020-08-10 08:58;IONEN;Calcium na filtratie (mg/l);89.0;mg/l;119349;493061
WP594314;2020-08-11 08:45;IONEN;Calcium na filtratie (mg/l);68.0;mg/l;126697;470310
WP594306;2020-08-11 11:05;IONEN;Calcium na filtratie (mg/l);100.0;mg/l;114383;466484
WP594526;2020-08-13 09:15;IONEN;Calcium na filtratie (mg/l);67.0;mg/l;128859;480426
WP594795;2020-08-17 08:15;IONEN;Calcium na filtratie (mg/l);100.0;mg/l;126886;479853
WP595060;2020-08-18 09:55;IONEN;Calcium na filtratie (mg/l);75.0;mg/l;125290;470063
WP595071;2020-08-18 11:15;IONEN;Calcium na filtratie (mg/l);86.0;mg/l;119445;463875
WP595848;2020-08-25 12:00;IONEN;Calcium na filtratie (mg/l);120.0;mg/l;121728;482650
WP595850;2020-08-25 13:30;IONEN;Calcium na filtratie (mg/l);61.0;mg/l;126160;476841
WP596072;2020-09-01 08:40;IONEN;Calcium na filtratie (mg/l);60.0;mg/l;126697;470310
WP596795;2020-09-08 08:50;IONEN;Calcium na filtratie (mg/l);70.0;mg/l;126886;479853
WP596934;2020-09-09 08:55;IONEN;Calcium na filtratie (mg/l);70.0;mg/l;128859;480426
WP596372;2020-09-11 11:50;IONEN;Calcium na filtratie (mg/l);74.0;mg/l;114383;466484
WP597226;2020-09-15 08:53;IONEN;Calcium na filtratie (mg/l);84.0;mg/l;119349;493061
WP597348;2020-09-15 12:15;IONEN;Calcium na filtratie (mg/l);65.0;mg/l;125290;470063
WP597667;2020-09-18 11:10;IONEN;Calcium na filtratie (mg/l);84.0;mg/l;119445;463875
WP598039;2020-09-23 11:05;IONEN;Calcium na filtratie (mg/l);100.0;mg/l;121728;482650
WP598041;2020-09-23 12:30;IONEN;Calcium na filtratie (mg/l);59.0;mg/l;126160;476841
WP599295;2020-10-05 09:09;IONEN;Calcium na filtratie (mg/l);80.0;mg/l;119349;493061
WP599556;2020-10-07 11:40;IONEN;Calcium na filtratie (mg/l);200.0;mg/l;114383;466484
WP599628;2020-10-09 08:25;IONEN;Calcium na filtratie (mg/l);66.0;mg/l;126886;479853
WP599655;2020-10-09 08:45;IONEN;Calcium na filtratie (mg/l);60.0;mg/l;126697;470310
WP600243;2020-10-12 08:15;IONEN;Calcium na filtratie (mg/l);78.0;mg/l;128859;480426
WP600000;2020-10-14 11:00;IONEN;Calcium na filtratie (mg/l);66.0;mg/l;125290;470063
WP600408;2020-10-19 09:55;IONEN;Calcium na filtratie (mg/l);110.0;mg/l;119445;463875
WP600538;2020-10-21 10:30;IONEN;Calcium na filtratie (mg/l);110.0;mg/l;121728;482650
WP600540;2020-10-21 12:00;IONEN;Calcium na filtratie (mg/l);72.0;mg/l;126160;476841
WP601297;2020-11-02 09:10;IONEN;Calcium na filtratie (mg/l);89.0;mg/l;119349;493061
WP601363;2020-11-03 08:00;IONEN;Calcium na filtratie (mg/l);71.0;mg/l;126697;470310
WP601778;2020-11-05 12:30;IONEN;Calcium na filtratie (mg/l);260.0;mg/l;114383;466484
WP601853;2020-11-06 08:15;IONEN;Calcium na filtratie (mg/l);74.0;mg/l;126886;479853
WP601965;2020-11-09 08:50;IONEN;Calcium na filtratie (mg/l);85.0;mg/l;128859;480426
WP602150;2020-11-10 11:25;IONEN;Calcium na filtratie (mg/l);67.0;mg/l;125290;470063
WP602714;2020-11-18 10:45;IONEN;Calcium na filtratie (mg/l);110.0;mg/l;119445;463875
WP602721;2020-11-18 10:50;IONEN;Calcium na filtratie (mg/l);130.0;mg/l;121728;482650
WP602723;2020-11-18 11:40;IONEN;Calcium na filtratie (mg/l);83.0;mg/l;126160;476841
WP603614;2020-12-02 08:55;IONEN;Calcium na filtratie (mg/l);88.0;mg/l;126697;470310
WP603809;2020-12-04 08:40;IONEN;Calcium na filtratie (mg/l);78.0;mg/l;126886;479853
WP604184;2020-12-08 11:20;IONEN;Calcium na filtratie (mg/l);75.0;mg/l;125290;470063
WP604555;2020-12-11 10:36;IONEN;Calcium na filtratie (mg/l);240.0;mg/l;114383;466484
WP605031;2020-12-17 08:05;IONEN;Calcium na filtratie (mg/l);100.0;mg/l;128859;480426
WP605028;2020-12-17 10:40;IONEN;Calcium na filtratie (mg/l);110.0;mg/l;119445;463875
WP605068;2020-12-17 13:42;IONEN;Calcium na filtratie (mg/l);92.0;mg/l;126160;476841
WP605066;2020-12-18 10:40;IONEN;Calcium na filtratie (mg/l);150.0;mg/l;121728;482650
WP606047;2021-01-07 09:00;IONEN;Calcium na filtratie (mg/l);110.0;mg/l;128859;480426
WP606188;2021-01-08 12:38;IONEN;Calcium na filtratie (mg/l);88.0;mg/l;119349;493061
WP606343;2021-01-11 10:35;IONEN;Calcium na filtratie (mg/l);74.0;mg/l;125290;470063
WP606636;2021-01-14 12:00;IONEN;Calcium na filtratie (mg/l);150.0;mg/l;121728;482650
WP606638;2021-01-14 13:05;IONEN;Calcium na filtratie (mg/l);92.0;mg/l;126160;476841
WP607153;2021-01-21 08:45;IONEN;Calcium na filtratie (mg/l);93.0;mg/l;126886;479853
WP607240;2021-01-22 12:10;IONEN;Calcium na filtratie (mg/l);93.0;mg/l;119445;463875
WP607595;2021-01-27 08:15;IONEN;Calcium na filtratie (mg/l);85.0;mg/l;126697;470310
WP607838;2021-01-28 11:30;IONEN;Calcium na filtratie (mg/l);280.0;mg/l;114383;466484
WP608823;2021-02-02 11:30;IONEN;Calcium na filtratie (mg/l);76.0;mg/l;125290;470063
WP608705;2021-02-04 10:00;IONEN;Calcium na filtratie (mg/l);88.0;mg/l;128859;480426
WP608895;2021-02-18 00:00;IONEN;Calcium na filtratie (mg/l);86.0;mg/l;119349;493061
WP609893;2021-02-19 12:00;IONEN;Calcium na filtratie (mg/l);88.0;mg/l;119445;463875
WP610042;2021-02-24 11:00;IONEN;Calcium na filtratie (mg/l);48.0;mg/l;126697;470310
WP609180;2021-02-24 11:49;IONEN;Calcium na filtratie (mg/l);120.0;mg/l;121728;482650
WP609182;2021-02-24 12:25;IONEN;Calcium na filtratie (mg/l);78.0;mg/l;126160;476841
WP609275;2021-02-25 10:30;IONEN;Calcium na filtratie (mg/l);250.0;mg/l;114383;466484
WP611136;2021-03-08 10:36;IONEN;Calcium na filtratie (mg/l);85.0;mg/l;119349;493061
WP611240;2021-03-09 12:25;IONEN;Calcium na filtratie (mg/l);130.0;mg/l;121728;482650
WP611242;2021-03-09 13:10;IONEN;Calcium na filtratie (mg/l);76.0;mg/l;126160;476841
WP611706;2021-03-11 08:55;IONEN;Calcium na filtratie (mg/l);76.0;mg/l;126697;470310
WP611360;2021-03-11 09:00;IONEN;Calcium na filtratie (mg/l);92.0;mg/l;128859;480426
WP611689;2021-03-11 10:18;IONEN;Calcium na filtratie (mg/l);140.0;mg/l;119445;463875
WP612191;2021-03-17 11:08;IONEN;Calcium na filtratie (mg/l);74.0;mg/l;125290;470063
WP612290;2021-03-18 08:15;IONEN;Calcium na filtratie (mg/l);93.0;mg/l;126886;479853
WP613145;2021-03-25 10:40;IONEN;Calcium na filtratie (mg/l);260.0;mg/l;114383;466484
WP614009;2021-04-07 11:35;IONEN;Calcium na filtratie (mg/l);110.0;mg/l;119349;493061
WP614082;2021-04-08 08:40;IONEN;Calcium na filtratie (mg/l);110.0;mg/l;128859;480426
WP614079;2021-04-08 11:08;IONEN;Calcium na filtratie (mg/l);190.0;mg/l;119445;463875
WP614393;2021-04-12 12:10;IONEN;Calcium na filtratie (mg/l);140.0;mg/l;121728;482650
WP614395;2021-04-12 12:49;IONEN;Calcium na filtratie (mg/l);89.0;mg/l;126160;476841
WP615333;2021-04-20 12:00;IONEN;Calcium na filtratie (mg/l);77.0;mg/l;125290;470063
WP615564;2021-04-22 08:30;IONEN;Calcium na filtratie (mg/l);140.0;mg/l;126886;479853
WP616131;2021-04-22 12:10;IONEN;Calcium na filtratie (mg/l);120.0;mg/l;114383;466484
WP615925;2021-04-26 08:35;IONEN;Calcium na filtratie (mg/l);71.0;mg/l;126697;470310
WP617039;2021-05-03 08:45;IONEN;Calcium na filtratie (mg/l);82.0;mg/l;128859;480426
WP616461;2021-05-03 11:16;IONEN;Calcium na filtratie (mg/l);87.0;mg/l;119349;493061
WP618846;2021-05-06 11:50;IONEN;Calcium na filtratie (mg/l);130.0;mg/l;121728;482650
WP618848;2021-05-06 12:50;IONEN;Calcium na filtratie (mg/l);80.0;mg/l;126160;476841
WP619754;2021-05-18 11:05;IONEN;Calcium na filtratie (mg/l);72.0;mg/l;125290;470063
WP620249;2021-05-25 08:20;IONEN;Calcium na filtratie (mg/l);67.0;mg/l;126697;470310
WP620530;2021-05-26 11:20;IONEN;Calcium na filtratie (mg/l);120.0;mg/l;119445;463875
WP620543;2021-05-27 10:37;IONEN;Calcium na filtratie (mg/l);150.0;mg/l;114383;466484
WP620932;2021-05-31 08:20;IONEN;Calcium na filtratie (mg/l);98.0;mg/l;126886;479853
WP621284;2021-06-02 07:35;IONEN;Calcium na filtratie (mg/l);76.0;mg/l;128859;480426
WP621747;2021-06-07 10:54;IONEN;Calcium na filtratie (mg/l);89.0;mg/l;119349;493061
WP621756;2021-06-07 11:28;IONEN;Calcium na filtratie (mg/l);120.0;mg/l;121728;482650
WP621758;2021-06-07 12:05;IONEN;Calcium na filtratie (mg/l);77.0;mg/l;126160;476841
WP622897;2021-06-11 08:40;IONEN;Calcium na filtratie (mg/l);120.0;mg/l;126886;479853
WP623131;2021-06-15 12:05;IONEN;Calcium na filtratie (mg/l);73.0;mg/l;125290;470063
WP623270;2021-06-16 07:00;IONEN;Calcium na filtratie (mg/l);70.0;mg/l;126697;470310
WP623306;2021-06-17 09:54;IONEN;Calcium na filtratie (mg/l);120.0;mg/l;119445;463875
WP624500;2021-06-25 10:30;IONEN;Calcium na filtratie (mg/l);200.0;mg/l;114383;466484
WP624992;2021-07-01 09:20;IONEN;Calcium na filtratie (mg/l);71.0;mg/l;128859;480426
WP625234;2021-07-05 11:45;IONEN;Calcium na filtratie (mg/l);78.0;mg/l;119349;493061
WP625670;2021-07-08 10:32;IONEN;Calcium na filtratie (mg/l);130.0;mg/l;121728;482650
WP626243;2021-07-13 11:04;IONEN;Calcium na filtratie (mg/l);68.0;mg/l;125290;470063
WP626256;2021-07-14 07:50;IONEN;Calcium na filtratie (mg/l);100.0;mg/l;126886;479853
WP627220;2021-07-16 08:25;IONEN;Calcium na filtratie (mg/l);64.0;mg/l;126697;470310
WP627623;2021-07-26 11:05;IONEN;Calcium na filtratie (mg/l);120.0;mg/l;119445;463875
WP625672;2021-07-28 09:20;IONEN;Calcium na filtratie (mg/l);62.0;mg/l;126160;476841
WP628030;2021-07-29 10:35;IONEN;Calcium na filtratie (mg/l);120.0;mg/l;114383;466484
WP629134;2021-08-04 08:40;IONEN;Calcium na filtratie (mg/l);52.0;mg/l;128859;480426
WP629254;2021-08-10 11:30;IONEN;Calcium na filtratie (mg/l);56.0;mg/l;125290;470063
WP629946;2021-08-17 12:20;IONEN;Calcium na filtratie (mg/l);100.0;mg/l;121728;482650
WP629948;2021-08-17 13:05;IONEN;Calcium na filtratie (mg/l);58.0;mg/l;126160;476841
WP630118;2021-08-18 08:00;IONEN;Calcium na filtratie (mg/l);74.0;mg/l;126886;479853
WP630259;2021-08-20 10:25;IONEN;Calcium na filtratie (mg/l);99.0;mg/l;119445;463875
WP628383;2021-08-23 09:24;IONEN;Calcium na filtratie (mg/l);71.0;mg/l;119349;493061
WP630631;2021-08-24 08:30;IONEN;Calcium na filtratie (mg/l);54.0;mg/l;126697;470310
WP630822;2021-08-26 10:50;IONEN;Calcium na filtratie (mg/l);100.0;mg/l;114383;466484
WP632256;2021-09-07 11:50;IONEN;Calcium na filtratie (mg/l);66.0;mg/l;125290;470063
WP632450;2021-09-09 11:45;IONEN;Calcium na filtratie (mg/l);110.0;mg/l;121728;482650
WP632452;2021-09-09 12:25;IONEN;Calcium na filtratie (mg/l);61.0;mg/l;126160;476841
WP632825;2021-09-13 10:38;IONEN;Calcium na filtratie (mg/l);77.0;mg/l;119349;493061
WP633210;2021-09-17 07:35;IONEN;Calcium na filtratie (mg/l);66.0;mg/l;128859;480426
WP633990;2021-09-21 10:50;IONEN;Calcium na filtratie (mg/l);120.0;mg/l;119445;463875
WP634014;2021-09-21 12:35;IONEN;Calcium na filtratie (mg/l);110.0;mg/l;114383;466484
WP634082;2021-09-22 08:10;IONEN;Calcium na filtratie (mg/l);68.0;mg/l;126697;470310
WP633879;2021-09-29 12:00;IONEN;Calcium na filtratie (mg/l);98.0;mg/l;126886;479853
WP635976;2021-10-07 11:00;IONEN;Calcium na filtratie (mg/l);100.0;mg/l;121728;482650
WP635978;2021-10-07 11:35;IONEN;Calcium na filtratie (mg/l);66.0;mg/l;126160;476841
WP636300;2021-10-11 11:17;IONEN;Calcium na filtratie (mg/l);77.0;mg/l;119349;493061
WP636796;2021-10-14 08:35;IONEN;Calcium na filtratie (mg/l);61.0;mg/l;128859;480426
WP637401;2021-10-19 11:20;IONEN;Calcium na filtratie (mg/l);67.0;mg/l;125290;470063
WP638091;2021-10-26 08:15;IONEN;Calcium na filtratie (mg/l);70.0;mg/l;126886;479853
WP638016;2021-10-26 11:10;IONEN;Calcium na filtratie (mg/l);65.0;mg/l;126697;470310
WP637913;2021-10-27 12:00;IONEN;Calcium na filtratie (mg/l);100.0;mg/l;119445;463875
WP638573;2021-10-29 10:17;IONEN;Calcium na filtratie (mg/l);240.0;mg/l;114383;466484
WP638961;2021-11-03 11:13;IONEN;Calcium na filtratie (mg/l);76.0;mg/l;128859;480426
WP639726;2021-11-09 11:50;IONEN;Calcium na filtratie (mg/l);110.0;mg/l;121728;482650
WP639728;2021-11-09 12:50;IONEN;Calcium na filtratie (mg/l);78.0;mg/l;126160;476841
WP639585;2021-11-11 11:55;IONEN;Calcium na filtratie (mg/l);92.0;mg/l;119349;493061
WP640484;2021-11-16 11:30;IONEN;Calcium na filtratie (mg/l);81.0;mg/l;125290;470063
WP640954;2021-11-17 08:20;IONEN;Calcium na filtratie (mg/l);83.0;mg/l;126697;470310
WP640695;2021-11-18 09:35;IONEN;Calcium na filtratie (mg/l);91.0;mg/l;126886;479853
WP640687;2021-11-18 10:00;IONEN;Calcium na filtratie (mg/l);110.0;mg/l;119445;463875
WP641532;2021-11-25 10:45;IONEN;Calcium na filtratie (mg/l);220.0;mg/l;114383;466484
WP642163;2021-12-01 09:25;IONEN;Calcium na filtratie (mg/l);54.0;mg/l;128859;480426
WP643428;2021-12-06 10:58;IONEN;Calcium na filtratie (mg/l);72.0;mg/l;125290;470063
WP642970;2021-12-07 11:00;IONEN;Calcium na filtratie (mg/l);110.0;mg/l;121728;482650
WP642972;2021-12-07 11:35;IONEN;Calcium na filtratie (mg/l);67.0;mg/l;126160;476841
WP643049;2021-12-08 08:35;IONEN;Calcium na filtratie (mg/l);62.0;mg/l;126697;470310
WP643036;2021-12-08 08:45;IONEN;Calcium na filtratie (mg/l);76.0;mg/l;126886;479853
WP643073;2021-12-08 11:30;IONEN;Calcium na filtratie (mg/l);130.0;mg/l;119445;463875
WP642803;2021-12-10 11:20;IONEN;Calcium na filtratie (mg/l);74.0;mg/l;119349;493061
WP644146;2021-12-17 10:45;IONEN;Calcium na filtratie (mg/l);340.0;mg/l;114383;466484
WP646236;2022-01-10 09:05;IONEN;Calcium na filtratie (mg/l);87.0;mg/l;119349;493061
WP646859;2022-01-14 09:55;IONEN;Calcium na filtratie (mg/l);73.0;mg/l;126697;470310
WP647189;2022-01-18 10:20;IONEN;Calcium na filtratie (mg/l);120.0;mg/l;121728;482650
WP647191;2022-01-18 12:05;IONEN;Calcium na filtratie (mg/l);81.0;mg/l;126160;476841
WP646767;2022-01-20 08:35;IONEN;Calcium na filtratie (mg/l);94.0;mg/l;128859;480426
WP647483;2022-01-20 11:25;IONEN;Calcium na filtratie (mg/l);70.0;mg/l;125290;470063
WP647972;2022-01-25 10:40;IONEN;Calcium na filtratie (mg/l);270.0;mg/l;114383;466484
WP648074;2022-01-26 11:15;IONEN;Calcium na filtratie (mg/l);130.0;mg/l;119445;463875
WP648056;2022-01-26 11:25;IONEN;Calcium na filtratie (mg/l);110.0;mg/l;119540;476400
WP646803;2022-01-27 08:40;IONEN;Calcium na filtratie (mg/l);93.0;mg/l;126886;479853
WP648586;2022-02-01 09:55;IONEN;Calcium na filtratie (mg/l);72.0;mg/l;126697;470310
WP649295;2022-02-07 09:00;IONEN;Calcium na filtratie (mg/l);81.0;mg/l;119349;493061
WP649417;2022-02-08 08:35;IONEN;Calcium na filtratie (mg/l);91.0;mg/l;126886;479853
WP649453;2022-02-09 10:00;IONEN;Calcium na filtratie (mg/l);77.0;mg/l;128859;480426
WP650334;2022-02-15 11:58;IONEN;Calcium na filtratie (mg/l);130.0;mg/l;121728;482650
WP650336;2022-02-15 12:35;IONEN;Calcium na filtratie (mg/l);86.0;mg/l;126160;476841
WP650557;2022-02-16 11:20;IONEN;Calcium na filtratie (mg/l);110.0;mg/l;119540;476400
WP649858;2022-02-17 11:10;IONEN;Calcium na filtratie (mg/l);300.0;mg/l;114383;466484
WP650920;2022-02-23 11:35;IONEN;Calcium na filtratie (mg/l);70.0;mg/l;125290;470063
WP650986;2022-02-28 12:10;IONEN;Calcium na filtratie (mg/l);150.0;mg/l;119445;463875
WP652094;2022-03-03 08:35;IONEN;Calcium na filtratie (mg/l);98.0;mg/l;128859;480426
WP652010;2022-03-04 07:55;IONEN;Calcium na filtratie (mg/l);66.0;mg/l;126697;470310
WP652992;2022-03-08 09:00;IONEN;Calcium na filtratie (mg/l);110.0;mg/l;126886;479853
WP652278;2022-03-14 09:25;IONEN;Calcium na filtratie (mg/l);81.0;mg/l;119349;493061
WP653742;2022-03-16 10:25;IONEN;Calcium na filtratie (mg/l);120.0;mg/l;121728;482650
WP653744;2022-03-16 11:25;IONEN;Calcium na filtratie (mg/l);73.0;mg/l;126160;476841
WP651996;2022-03-22 10:50;IONEN;Calcium na filtratie (mg/l);190.0;mg/l;114383;466484
WP654446;2022-03-23 10:05;IONEN;Calcium na filtratie (mg/l);130.0;mg/l;119445;463875
WP654683;2022-03-24 11:05;IONEN;Calcium na filtratie (mg/l);110.0;mg/l;119540;476400
WP654900;2022-03-24 11:15;IONEN;Calcium na filtratie (mg/l);70.0;mg/l;125290;470063
WP658310;2022-04-04 08:30;IONEN;Calcium na filtratie (mg/l);120.0;mg/l;126886;479853
WP657699;2022-04-04 09:47;IONEN;Calcium na filtratie (mg/l);77.0;mg/l;119349;493061
WP658638;2022-04-08 09:20;IONEN;Calcium na filtratie (mg/l);66.0;mg/l;126697;470310
WP658580;2022-04-08 11:55;IONEN;Calcium na filtratie (mg/l);270.0;mg/l;114383;466484
WP658841;2022-04-11 11:21;IONEN;Calcium na filtratie (mg/l);86.0;mg/l;119540;476400
WP659200;2022-04-14 08:50;IONEN;Calcium na filtratie (mg/l);76.0;mg/l;128859;480426
WP659983;2022-04-19 11:06;IONEN;Calcium na filtratie (mg/l);70.0;mg/l;125290;470063
WP660339;2022-04-26 08:15;IONEN;Calcium na filtratie (mg/l);100.0;mg/l;119445;463875
WP660864;2022-04-26 11:30;IONEN;Calcium na filtratie (mg/l);110.0;mg/l;121728;482650
WP660866;2022-04-26 12:20;IONEN;Calcium na filtratie (mg/l);75.0;mg/l;126160;476841
WP661384;2022-05-02 10:30;IONEN;Calcium na filtratie (mg/l);78.0;mg/l;119349;493061
WP661453;2022-05-03 08:05;IONEN;Calcium na filtratie (mg/l);66.0;mg/l;126697;470310
WP661980;2022-05-05 09:10;IONEN;Calcium na filtratie (mg/l);150.0;mg/l;126886;479853
WP661855;2022-05-09 13:10;IONEN;Calcium na filtratie (mg/l);160.0;mg/l;114383;466484
WP662418;2022-05-10 08:10;IONEN;Calcium na filtratie (mg/l);84.0;mg/l;128859;480426
WP663057;2022-05-16 11:25;IONEN;Calcium na filtratie (mg/l);72.0;mg/l;125290;470063
WP663321;2022-05-16 11:45;IONEN;Calcium na filtratie (mg/l);130.0;mg/l;121728;482650
WP663323;2022-05-16 12:15;IONEN;Calcium na filtratie (mg/l);73.0;mg/l;126160;476841
WP663784;2022-05-19 11:15;IONEN;Calcium na filtratie (mg/l);80.0;mg/l;119445;463875
WP664009;2022-05-23 10:50;IONEN;Calcium na filtratie (mg/l);95.0;mg/l;119540;476400
WP665174;2022-06-01 08:55;IONEN;Calcium na filtratie (mg/l);67.0;mg/l;126697;470310
WP665657;2022-06-03 08:20;IONEN;Calcium na filtratie (mg/l);81.0;mg/l;119349;493061
WP666510;2022-06-08 07:35;IONEN;Calcium na filtratie (mg/l);94.0;mg/l;126886;479853
WP666673;2022-06-09 08:00;IONEN;Calcium na filtratie (mg/l);73.0;mg/l;128859;480426
WP667096;2022-06-13 11:15;IONEN;Calcium na filtratie (mg/l);66.0;mg/l;125290;470063
WP667923;2022-06-20 11:55;IONEN;Calcium na filtratie (mg/l);100.0;mg/l;121728;482650
WP667925;2022-06-20 12:30;IONEN;Calcium na filtratie (mg/l);71.0;mg/l;126160;476841
WP665550;2022-06-28 11:20;IONEN;Calcium na filtratie (mg/l);130.0;mg/l;114383;466484
WP668599;2022-06-28 12:08;IONEN;Calcium na filtratie (mg/l);80.0;mg/l;119540;476400
WP668481;2022-06-29 10:38;IONEN;Calcium na filtratie (mg/l);64.0;mg/l;119445;463875
WP669498;2022-07-04 09:52;IONEN;Calcium na filtratie (mg/l);76.0;mg/l;119349;493061
WP669880;2022-07-05 09:00;IONEN;Calcium na filtratie (mg/l);62.0;mg/l;126697;470310
WP670180;2022-07-07 08:40;IONEN;Calcium na filtratie (mg/l);100.0;mg/l;126886;479853
WP670636;2022-07-11 11:45;IONEN;Calcium na filtratie (mg/l);65.0;mg/l;125290;470063
WP670904;2022-07-13 08:51;IONEN;Calcium na filtratie (mg/l);63.0;mg/l;128859;480426
WP671043;2022-07-14 12:25;IONEN;Calcium na filtratie (mg/l);120.0;mg/l;114383;466484
WP671778;2022-07-19 10:20;IONEN;Calcium na filtratie (mg/l);95.0;mg/l;121728;482650
WP671780;2022-07-19 10:55;IONEN;Calcium na filtratie (mg/l);63.0;mg/l;126160;476841
WP672263;2022-07-21 11:54;IONEN;Calcium na filtratie (mg/l);71.0;mg/l;119445;463875
WP672720;2022-07-26 12:00;IONEN;Calcium na filtratie (mg/l);81.0;mg/l;119540;476400
WP673844;2022-08-04 08:33;IONEN;Calcium na filtratie (mg/l);95.0;mg/l;126886;479853
WP673770;2022-08-04 11:10;IONEN;Calcium na filtratie (mg/l);120.0;mg/l;114383;466484
WP674263;2022-08-08 11:15;IONEN;Calcium na filtratie (mg/l);65.0;mg/l;125290;470063
WP674238;2022-08-08 14:15;IONEN;Calcium na filtratie (mg/l);70.0;mg/l;119349;493061
WP675404;2022-08-11 11:18;IONEN;Calcium na filtratie (mg/l);96.0;mg/l;121728;482650
WP675406;2022-08-11 12:15;IONEN;Calcium na filtratie (mg/l);69.0;mg/l;126160;476841
WP674782;2022-08-12 07:40;IONEN;Calcium na filtratie (mg/l);70.0;mg/l;126697;470310
WP674852;2022-08-15 09:00;IONEN;Calcium na filtratie (mg/l);71.0;mg/l;128859;480426
WP675609;2022-08-23 12:15;IONEN;Calcium na filtratie (mg/l);95.0;mg/l;119540;476400
WP676277;2022-08-26 10:30;IONEN;Calcium na filtratie (mg/l);65.0;mg/l;119445;463875
WP677416;2022-09-02 08:13;IONEN;Calcium na filtratie (mg/l);75.0;mg/l;119349;493061
WP677743;2022-09-05 11:30;IONEN;Calcium na filtratie (mg/l);67.0;mg/l;125290;470063
WP678350;2022-09-09 09:01;IONEN;Calcium na filtratie (mg/l);65.0;mg/l;126697;470310
WP678260;2022-09-09 09:05;IONEN;Calcium na filtratie (mg/l);110.0;mg/l;114383;466484
WP678958;2022-09-13 08:45;IONEN;Calcium na filtratie (mg/l);59.0;mg/l;128859;480426
WP678664;2022-09-13 10:13;IONEN;Calcium na filtratie (mg/l);67.0;mg/l;126886;479853
WP678904;2022-09-14 10:00;IONEN;Calcium na filtratie (mg/l);95.0;mg/l;119540;476400
WP679417;2022-09-16 11:51;IONEN;Calcium na filtratie (mg/l);64.0;mg/l;119445;463875
WP679155;2022-09-29 11:49;IONEN;Calcium na filtratie (mg/l);98.0;mg/l;121728;482650
WP679157;2022-09-29 12:15;IONEN;Calcium na filtratie (mg/l);62.0;mg/l;126160;476841
WP681212;2022-10-03 08:59;IONEN;Calcium na filtratie (mg/l);77.0;mg/l;119349;493061
WP681634;2022-10-06 09:15;IONEN;Calcium na filtratie (mg/l);82.0;mg/l;126697;470310
WP681595;2022-10-06 12:10;IONEN;Calcium na filtratie (mg/l);210.0;mg/l;114383;466484
WP682295;2022-10-10 09:50;IONEN;Calcium na filtratie (mg/l);73.0;mg/l;128859;480426
WP682423;2022-10-12 08:15;IONEN;Calcium na filtratie (mg/l);77.0;mg/l;126886;479853
WP683694;2022-10-21 10:45;IONEN;Calcium na filtratie (mg/l);69.0;mg/l;119540;476400
WP683934;2022-10-24 10:00;IONEN;Calcium na filtratie (mg/l);66.0;mg/l;125290;470063
WP684216;2022-10-26 11:30;IONEN;Calcium na filtratie (mg/l);97.0;mg/l;119445;463875
WP683965;2022-10-27 12:00;IONEN;Calcium na filtratie (mg/l);100.0;mg/l;121728;482650
WP683967;2022-10-27 12:50;IONEN;Calcium na filtratie (mg/l);69.0;mg/l;126160;476841
WP684849;2022-11-03 11:00;IONEN;Calcium na filtratie (mg/l);130.0;mg/l;114383;466484
WP684947;2022-11-04 08:30;IONEN;Calcium na filtratie (mg/l);61.0;mg/l;126886;479853
WP685334;2022-11-07 11:45;IONEN;Calcium na filtratie (mg/l);62.0;mg/l;119349;493061
WP685380;2022-11-08 10:35;IONEN;Calcium na filtratie (mg/l);75.0;mg/l;128859;480426
WP685913;2022-11-14 11:10;IONEN;Calcium na filtratie (mg/l);80.0;mg/l;126697;470310
WP685949;2022-11-14 11:15;IONEN;Calcium na filtratie (mg/l);71.0;mg/l;125290;470063
WP686942;2022-11-22 10:50;IONEN;Calcium na filtratie (mg/l);133.392;mg/l;121728;482650
WP686944;2022-11-22 11:45;IONEN;Calcium na filtratie (mg/l);87.607;mg/l;126160;476841
WP686913;2022-11-22 12:40;IONEN;Calcium na filtratie (mg/l);113.849;mg/l;119445;463875
WP686979;2022-11-25 11:00;IONEN;Calcium na filtratie (mg/l);78.38;mg/l;119540;476400
WP687801;2022-12-01 09:50;IONEN;Calcium na filtratie (mg/l);74.703;mg/l;126697;470310
WP687970;2022-12-02 08:40;IONEN;Calcium na filtratie (mg/l);75.333;mg/l;126886;479853
WP688148;2022-12-05 10:45;IONEN;Calcium na filtratie (mg/l);61.955;mg/l;125290;470063
WP688273;2022-12-06 11:45;IONEN;Calcium na filtratie (mg/l);300.806;mg/l;114383;466484
WP688545;2022-12-08 10:40;IONEN;Calcium na filtratie (mg/l);85.125;mg/l;128859;480426
WP688787;2022-12-09 10:36;IONEN;Calcium na filtratie (mg/l);71.362;mg/l;119349;493061
WP690231;2022-12-19 13:00;IONEN;Calcium na filtratie (mg/l);95.948;mg/l;119540;476400
WP689463;2022-12-19 13:15;IONEN;Calcium na filtratie (mg/l);144.51;mg/l;121728;482650
WP690157;2022-12-22 10:50;IONEN;Calcium na filtratie (mg/l);116.614;mg/l;119445;463875
WP689465;2022-12-28 12:32;IONEN;Calcium na filtratie (mg/l);90.452;mg/l;126160;476841
WP691598;2023-01-09 10:10;IONEN;Calcium na filtratie (mg/l);75.0;mg/l;119349;493061
WP692442;2023-01-16 11:25;IONEN;Calcium na filtratie (mg/l);73.0;mg/l;125290;470063
WP692771;2023-01-19 10:45;IONEN;Calcium na filtratie (mg/l);96.0;mg/l;119445;463875
WP693248;2023-01-20 09:35;IONEN;Calcium na filtratie (mg/l);61.0;mg/l;126697;470310
WP693231;2023-01-23 11:45;IONEN;Calcium na filtratie (mg/l);120.0;mg/l;121728;482650
WP693027;2023-01-23 12:15;IONEN;Calcium na filtratie (mg/l);110.0;mg/l;119540;476400
WP693233;2023-01-23 12:45;IONEN;Calcium na filtratie (mg/l);73.0;mg/l;126160;476841
WP693537;2023-01-24 11:15;IONEN;Calcium na filtratie (mg/l);300.0;mg/l;114383;466484
WP693675;2023-01-27 14:35;IONEN;Calcium na filtratie (mg/l);93.0;mg/l;128859;480426
WP694495;2023-02-06 10:45;IONEN;Calcium na filtratie (mg/l);74.0;mg/l;119349;493061
WP695887;2023-02-17 09:25;IONEN;Calcium na filtratie (mg/l);120.0;mg/l;119445;463875
WP695938;2023-02-17 11:05;IONEN;Calcium na filtratie (mg/l);120.0;mg/l;119540;476400
WP695435;2023-02-17 11:06;IONEN;Calcium na filtratie (mg/l);78.0;mg/l;125290;470063
WP696183;2023-02-20 08:40;IONEN;Calcium na filtratie (mg/l);67.0;mg/l;126697;470310
WP696382;2023-02-22 10:20;IONEN;Calcium na filtratie (mg/l);190.0;mg/l;114383;466484
WP696411;2023-02-22 11:05;IONEN;Calcium na filtratie (mg/l);120.0;mg/l;121728;482650
WP696413;2023-02-22 11:40;IONEN;Calcium na filtratie (mg/l);73.0;mg/l;126160;476841
WP696705;2023-02-24 08:20;IONEN;Calcium na filtratie (mg/l);100.0;mg/l;128859;480426
WP697734;2023-03-06 11:10;IONEN;Calcium na filtratie (mg/l);76.0;mg/l;119349;493061
WP698575;2023-03-15 10:40;IONEN;Calcium na filtratie (mg/l);80.0;mg/l;125290;470063
WP698857;2023-03-17 10:45;IONEN;Calcium na filtratie (mg/l);120.0;mg/l;119445;463875
WP699033;2023-03-17 10:50;IONEN;Calcium na filtratie (mg/l);110.0;mg/l;119540;476400
WP699519;2023-03-22 10:47;IONEN;Calcium na filtratie (mg/l);270.0;mg/l;114383;466484
WP699927;2023-03-22 11:05;IONEN;Calcium na filtratie (mg/l);120.0;mg/l;121728;482650
WP699929;2023-03-22 11:50;IONEN;Calcium na filtratie (mg/l);76.0;mg/l;126160;476841
WP699682;2023-03-24 08:00;IONEN;Calcium na filtratie (mg/l);91.0;mg/l;128859;480426
WP699370;2023-03-24 08:56;IONEN;Calcium na filtratie (mg/l);68.0;mg/l;126697;470310
WP701386;2023-04-03 10:00;IONEN;Calcium na filtratie (mg/l);73.0;mg/l;119349;493061
WP701483;2023-04-04 12:00;IONEN;Calcium na filtratie (mg/l);97.0;mg/l;119445;463875
WP701650;2023-04-05 12:20;IONEN;Calcium na filtratie (mg/l);120.0;mg/l;119540;476400
WP701459;2023-04-06 08:50;IONEN;Calcium na filtratie (mg/l);80.0;mg/l;126697;470310
WP702352;2023-04-12 11:30;IONEN;Calcium na filtratie (mg/l);230.0;mg/l;114383;466484
WP702758;2023-04-13 08:00;IONEN;Calcium na filtratie (mg/l);86.0;mg/l;128859;480426
WP703065;2023-04-17 10:45;IONEN;Calcium na filtratie (mg/l);75.0;mg/l;125290;470063
WP703513;2023-04-20 11:45;IONEN;Calcium na filtratie (mg/l);130.0;mg/l;121728;482650
WP703515;2023-04-20 12:27;IONEN;Calcium na filtratie (mg/l);86.0;mg/l;126160;476841
WP704457;2023-05-04 11:00;IONEN;Calcium na filtratie (mg/l);93.0;mg/l;119445;463875
WP706265;2023-05-15 11:19;IONEN;Calcium na filtratie (mg/l);79.0;mg/l;119349;493061
WP706480;2023-05-15 11:50;IONEN;Calcium na filtratie (mg/l);76.0;mg/l;125290;470063
WP707617;2023-05-22 08:25;IONEN;Calcium na filtratie (mg/l);91.0;mg/l;128859;480426
WP707236;2023-05-25 11:00;IONEN;Calcium na filtratie (mg/l);220.0;mg/l;114383;466484
WP707718;2023-05-25 12:15;IONEN;Calcium na filtratie (mg/l);100.0;mg/l;119540;476400
WP707811;2023-05-26 08:29;IONEN;Calcium na filtratie (mg/l);68.0;mg/l;126697;470310
WP707913;2023-05-31 12:05;IONEN;Calcium na filtratie (mg/l);100.0;mg/l;121728;482650
WP707915;2023-05-31 12:48;IONEN;Calcium na filtratie (mg/l);74.0;mg/l;126160;476841
WP710584;2023-06-05 00:00;IONEN;Calcium na filtratie (mg/l);81.0;mg/l;119349;493061
WP711431;2023-06-12 10:51;IONEN;Calcium na filtratie (mg/l);73.0;mg/l;125290;470063
WP711927;2023-06-15 12:14;IONEN;Calcium na filtratie (mg/l);110.0;mg/l;119445;463875
WP712145;2023-06-16 08:15;IONEN;Calcium na filtratie (mg/l);78.0;mg/l;126697;470310
WP712665;2023-06-21 11:35;IONEN;Calcium na filtratie (mg/l);89.0;mg/l;119540;476400
WP713393;2023-06-27 09:35;IONEN;Calcium na filtratie (mg/l);71.0;mg/l;126160;476841
WP713343;2023-06-27 11:20;IONEN;Calcium na filtratie (mg/l);150.0;mg/l;114383;466484
WP713391;2023-06-27 12:00;IONEN;Calcium na filtratie (mg/l);120.0;mg/l;121728;482650
WP713419;2023-06-28 09:15;IONEN;Calcium na filtratie (mg/l);73.0;mg/l;128859;480426
WP714822;2023-07-10 11:45;IONEN;Calcium na filtratie (mg/l);74.0;mg/l;125290;470063
WP715259;2023-07-13 00:00;IONEN;Calcium na filtratie (mg/l);76.0;mg/l;119445;463875
WP715712;2023-07-17 10:15;IONEN;Calcium na filtratie (mg/l);78.0;mg/l;119349;493061
WP716239;2023-07-20 08:00;IONEN;Calcium na filtratie (mg/l);66.0;mg/l;126697;470310
WP716087;2023-07-21 11:29;IONEN;Calcium na filtratie (mg/l);86.0;mg/l;119540;476400
WP716679;2023-07-25 11:15;IONEN;Calcium na filtratie (mg/l);110.0;mg/l;121728;482650
WP716681;2023-07-25 12:10;IONEN;Calcium na filtratie (mg/l);66.0;mg/l;126160;476841
WP716826;2023-07-26 11:55;IONEN;Calcium na filtratie (mg/l);150.0;mg/l;114383;466484
WP717150;2023-07-28 08:55;IONEN;Calcium na filtratie (mg/l);84.0;mg/l;128859;480426
WP718298;2023-08-07 11:45;IONEN;Calcium na filtratie (mg/l);62.0;mg/l;125290;470063
WP718465;2023-08-11 09:35;IONEN;Calcium na filtratie (mg/l);78.0;mg/l;119349;493061
WP719759;2023-08-16 11:30;IONEN;Calcium na filtratie (mg/l);66.0;mg/l;119540;476400
WP720241;2023-08-24 10:35;IONEN;Calcium na filtratie (mg/l);110.0;mg/l;121728;482650
WP720243;2023-08-24 11:10;IONEN;Calcium na filtratie (mg/l);66.0;mg/l;126160;476841
WP720530;2023-08-25 09:35;IONEN;Calcium na filtratie (mg/l);72.0;mg/l;128859;480426
WP720855;2023-08-29 09:00;IONEN;Calcium na filtratie (mg/l);87.0;mg/l;119445;463875
WP720778;2023-08-29 11:00;IONEN;Calcium na filtratie (mg/l);150.0;mg/l;114383;466484
WP721002;2023-08-30 08:30;IONEN;Calcium na filtratie (mg/l);73.0;mg/l;126697;470310
WP721325;2023-09-04 10:55;IONEN;Calcium na filtratie (mg/l);72.0;mg/l;125290;470063
WP723063;2023-09-18 11:40;IONEN;Calcium na filtratie (mg/l);76.0;mg/l;119349;493061
WP723210;2023-09-20 11:20;IONEN;Calcium na filtratie (mg/l);85.0;mg/l;119445;463875
WP723424;2023-09-22 08:35;IONEN;Calcium na filtratie (mg/l);95.0;mg/l;128859;480426
WP723581;2023-09-25 11:10;IONEN;Calcium na filtratie (mg/l);76.0;mg/l;119540;476400
WP723998;2023-09-27 08:52;IONEN;Calcium na filtratie (mg/l);65.0;mg/l;126697;470310
WP723994;2023-09-27 12:00;IONEN;Calcium na filtratie (mg/l);120.0;mg/l;121728;482650
WP723996;2023-09-27 12:36;IONEN;Calcium na filtratie (mg/l);66.0;mg/l;126160;476841
WP724165;2023-09-29 11:00;IONEN;Calcium na filtratie (mg/l);190.0;mg/l;114383;466484
WP725181;2023-10-09 10:53;IONEN;Calcium na filtratie (mg/l);74.0;mg/l;119349;493061
WP725772;2023-10-13 10:24;IONEN;Calcium na filtratie (mg/l);81.0;mg/l;119445;463875
WP726670;2023-10-20 08:18;IONEN;Calcium na filtratie (mg/l);66.0;mg/l;126697;470310
WP726855;2023-10-23 08:40;IONEN;Calcium na filtratie (mg/l);69.0;mg/l;128859;480426
WP727187;2023-10-25 10:35;IONEN;Calcium na filtratie (mg/l);72.0;mg/l;125290;470063
WP727201;2023-10-25 11:27;IONEN;Calcium na filtratie (mg/l);65.0;mg/l;119540;476400
WP727360;2023-10-26 10:20;IONEN;Calcium na filtratie (mg/l);300.0;mg/l;114383;466484
WP727728;2023-10-30 12:05;IONEN;Calcium na filtratie (mg/l);110.0;mg/l;121728;482650
WP727730;2023-10-30 12:59;IONEN;Calcium na filtratie (mg/l);61.0;mg/l;126160;476841
WP728170;2023-11-01 07:30;IONEN;Calcium na filtratie (mg/l);65.0;mg/l;128859;480426
WP728521;2023-11-08 09:50;IONEN;Calcium na filtratie (mg/l);69.0;mg/l;119349;493061
WP728976;2023-11-13 11:13;IONEN;Calcium na filtratie (mg/l);76.0;mg/l;125290;470063
WP729393;2023-11-16 10:35;IONEN;Calcium na filtratie (mg/l);110.0;mg/l;119445;463875
WP729937;2023-11-22 10:07;IONEN;Calcium na filtratie (mg/l);300.0;mg/l;114383;466484
WP729969;2023-11-22 13:45;IONEN;Calcium na filtratie (mg/l);110.0;mg/l;121728;482650
WP730247;2023-11-23 11:15;IONEN;Calcium na filtratie (mg/l);110.0;mg/l;119540;476400
WP729898;2023-11-29 09:00;IONEN;Calcium na filtratie (mg/l);66.0;mg/l;126697;470310
WP729971;2023-11-29 11:24;IONEN;Calcium na filtratie (mg/l);81.0;mg/l;126160;476841
WP731183;2023-12-04 11:00;IONEN;Calcium na filtratie (mg/l);94.0;mg/l;119349;493061
WP731359;2023-12-06 00:00;IONEN;Calcium na filtratie (mg/l);260.0;mg/l;114383;466484
WP731869;2023-12-13 11:20;IONEN;Calcium na filtratie (mg/l);85.0;mg/l;125290;470063
WP731314;2023-12-14 12:05;IONEN;Calcium na filtratie (mg/l);80.0;mg/l;128859;480426
WP732813;2023-12-19 10:35;IONEN;Calcium na filtratie (mg/l);150.0;mg/l;119445;463875
WP733079;2023-12-21 11:21;IONEN;Calcium na filtratie (mg/l);110.0;mg/l;121728;482650
WP733039;2023-12-21 11:40;IONEN;Calcium na filtratie (mg/l);100.0;mg/l;119540;476400
WP733081;2023-12-21 12:15;IONEN;Calcium na filtratie (mg/l);82.0;mg/l;126160;476841
WP733191;2023-12-22 08:21;IONEN;Calcium na filtratie (mg/l);75.0;mg/l;126697;470310
WP734277;2024-01-08 10:45;IONEN;Calcium na filtratie (mg/l);72.0;mg/l;119349;493061
WP734855;2024-01-12 10:45;IONEN;Calcium na filtratie (mg/l);260.0;mg/l;114383;466484
WP734975;2024-01-16 11:20;IONEN;Calcium na filtratie (mg/l);57.0;mg/l;125290;470063
WP735167;2024-01-17 11:22;IONEN;Calcium na filtratie (mg/l);83.0;mg/l;128859;480426
WP735531;2024-01-18 09:50;IONEN;Calcium na filtratie (mg/l);99.0;mg/l;121728;482650
WP735769;2024-01-22 12:07;IONEN;Calcium na filtratie (mg/l);110.0;mg/l;119445;463875
WP736011;2024-01-25 09:20;IONEN;Calcium na filtratie (mg/l);45.0;mg/l;126697;470310
WP735533;2024-01-31 00:00;IONEN;Calcium na filtratie (mg/l);59.0;mg/l;126160;476841
WP736443;2024-02-05 08:45;IONEN;Calcium na filtratie (mg/l);70.0;mg/l;119349;493061
WP736881;2024-02-09 13:36;IONEN;Calcium na filtratie (mg/l);59.0;mg/l;128859;480426
WP737271;2024-02-12 09:35;IONEN;Calcium na filtratie (mg/l);70.0;mg/l;126160;476841
WP737269;2024-02-12 12:50;IONEN;Calcium na filtratie (mg/l);110.0;mg/l;121728;482650
WP737314;2024-02-15 11:00;IONEN;Calcium na filtratie (mg/l);260.0;mg/l;114383;466484
WP737635;2024-02-20 10:45;IONEN;Calcium na filtratie (mg/l);60.0;mg/l;125290;470063
WP737647;2024-02-20 12:40;IONEN;Calcium na filtratie (mg/l);90.0;mg/l;119445;463875
WP738324;2024-02-28 08:20;IONEN;Calcium na filtratie (mg/l);56.0;mg/l;126697;470310
WP738543;2024-03-04 09:10;IONEN;Calcium na filtratie (mg/l);65.0;mg/l;119349;493061
WP739777;2024-03-19 10:10;IONEN;Calcium na filtratie (mg/l);72.0;mg/l;125290;470063
WP740187;2024-03-21 10:20;IONEN;Calcium na filtratie (mg/l);200.0;mg/l;114383;466484
WP740271;2024-03-22 13:10;IONEN;Calcium na filtratie (mg/l);100.0;mg/l;128859;480426
WP740695;2024-03-27 08:20;IONEN;Calcium na filtratie (mg/l);74.0;mg/l;126697;470310
WP740719;2024-03-27 12:46;IONEN;Calcium na filtratie (mg/l);110.0;mg/l;121728;482650
WP740721;2024-03-27 13:20;IONEN;Calcium na filtratie (mg/l);75.0;mg/l;126160;476841
WP740971;2024-03-29 10:00;IONEN;Calcium na filtratie (mg/l);97.0;mg/l;119445;463875
WP742039;2024-04-11 13:07;IONEN;Calcium na filtratie (mg/l);87.0;mg/l;128859;480426
WP742377;2024-04-12 11:10;IONEN;Calcium na filtratie (mg/l);95.0;mg/l;119445;463875
WP742495;2024-04-16 12:03;IONEN;Calcium na filtratie (mg/l);120.0;mg/l;121728;482650
WP742498;2024-04-16 13:15;IONEN;Calcium na filtratie (mg/l);74.0;mg/l;126160;476841
WP741855;2024-04-17 10:00;IONEN;Calcium na filtratie (mg/l);230.0;mg/l;114383;466484
WP743081;2024-04-22 12:10;IONEN;Calcium na filtratie (mg/l);67.0;mg/l;125290;470063
WP743087;2024-04-23 08:39;IONEN;Calcium na filtratie (mg/l);58.0;mg/l;126697;470310
WP744296;2024-05-07 11:50;IONEN;Calcium na filtratie (mg/l);74.0;mg/l;128859;480426
WP744768;2024-05-13 11:05;IONEN;Calcium na filtratie (mg/l);70.0;mg/l;125290;470063
WP744957;2024-05-15 09:49;IONEN;Calcium na filtratie (mg/l);190.0;mg/l;114383;466484
WP744646;2024-05-16 10:54;IONEN;Calcium na filtratie (mg/l);76.0;mg/l;119349;493061
WP747326;2024-05-22 09:10;IONEN;Calcium na filtratie (mg/l);63.0;mg/l;126697;470310
WP747442;2024-05-23 13:30;IONEN;Calcium na filtratie (mg/l);110.0;mg/l;121728;482650
WP747461;2024-05-24 10:30;IONEN;Calcium na filtratie (mg/l);96.0;mg/l;119445;463875
WP747445;2024-05-29 10:15;IONEN;Calcium na filtratie (mg/l);64.0;mg/l;126160;476841
WP748209;2024-06-03 09:25;IONEN;Calcium na filtratie (mg/l);73.0;mg/l;119349;493061
WP748658;2024-06-06 12:15;IONEN;Calcium na filtratie (mg/l);72.0;mg/l;128859;480426
WP748989;2024-06-10 11:35;IONEN;Calcium na filtratie (mg/l);64.0;mg/l;125290;470063
WP750292;2024-06-20 10:50;IONEN;Calcium na filtratie (mg/l);240.0;mg/l;114383;466484
WP750350;2024-06-20 11:25;IONEN;Calcium na filtratie (mg/l);100.0;mg/l;121728;482650
WP750353;2024-06-20 12:15;IONEN;Calcium na filtratie (mg/l);59.0;mg/l;126160;476841
WP750423;2024-06-21 10:55;IONEN;Calcium na filtratie (mg/l);100.0;mg/l;119445;463875
WP750643;2024-06-24 10:45;IONEN;Calcium na filtratie (mg/l);60.0;mg/l;119349;493061
WP750853;2024-06-26 07:40;IONEN;Calcium na filtratie (mg/l);65.0;mg/l;126697;470310
WP751748;2024-07-05 10:56;IONEN;Calcium na filtratie (mg/l);81.0;mg/l;128859;480426
WP751855;2024-07-08 11:35;IONEN;Calcium na filtratie (mg/l);57.0;mg/l;125290;470063
WP752382;2024-07-11 09:33;IONEN;Calcium na filtratie (mg/l);130.0;mg/l;114383;466484
WP752648;2024-07-15 11:57;IONEN;Calcium na filtratie (mg/l);68.0;mg/l;119349;493061
WP753165;2024-07-18 11:15;IONEN;Calcium na filtratie (mg/l);100.0;mg/l;121728;482650
WP753168;2024-07-18 12:15;IONEN;Calcium na filtratie (mg/l);64.0;mg/l;126160;476841
WP753325;2024-07-19 09:39;IONEN;Calcium na filtratie (mg/l);110.0;mg/l;119445;463875
WP753720;2024-07-24 08:25;IONEN;Calcium na filtratie (mg/l);63.0;mg/l;126697;470310
WP754682;2024-08-05 11:29;IONEN;Calcium na filtratie (mg/l);67.0;mg/l;125290;470063
WP754366;2024-08-13 11:45;IONEN;Calcium na filtratie (mg/l);71.0;mg/l;128859;480426
WP755647;2024-08-14 10:18;IONEN;Calcium na filtratie (mg/l);160.0;mg/l;114383;466484
WP754461;2024-08-20 13:10;IONEN;Calcium na filtratie (mg/l);56.0;mg/l;119349;493061
WP757134;2024-08-27 10:25;IONEN;Calcium na filtratie (mg/l);66.0;mg/l;119349;493061
WP757174;2024-08-28 12:30;IONEN;Calcium na filtratie (mg/l);110.0;mg/l;121728;482650
WP757177;2024-08-28 13:50;IONEN;Calcium na filtratie (mg/l);63.0;mg/l;126160;476841
WP757285;2024-08-29 08:37;IONEN;Calcium na filtratie (mg/l);69.0;mg/l;126697;470310
WP756572;2024-08-30 09:21;IONEN;Calcium na filtratie (mg/l);110.0;mg/l;119445;463875
WP757511;2024-09-02 11:11;IONEN;Calcium na filtratie (mg/l);79.0;mg/l;125290;470063
WP758389;2024-09-10 11:10;IONEN;Calcium na filtratie (mg/l);69.0;mg/l;128859;480426
WP758728;2024-09-12 09:30;IONEN;Calcium na filtratie (mg/l);170.0;mg/l;114383;466484
WP759395;2024-09-18 12:17;IONEN;Calcium na filtratie (mg/l);92.0;mg/l;119445;463875
WP760053;2024-09-20 09:55;IONEN;Calcium na filtratie (mg/l);67.0;mg/l;126697;470310
WP759767;2024-09-20 12:00;IONEN;Calcium na filtratie (mg/l);100.0;mg/l;121728;482650
WP759770;2024-09-20 13:25;IONEN;Calcium na filtratie (mg/l);63.0;mg/l;126160;476841
WP758940;2024-09-23 10:40;IONEN;Calcium na filtratie (mg/l);67.0;mg/l;119349;493061
WP761054;2024-10-07 09:25;IONEN;Calcium na filtratie (mg/l);68.0;mg/l;119349;493061
WP761634;2024-10-10 11:55;IONEN;Calcium na filtratie (mg/l);66.0;mg/l;128859;480426
WP761734;2024-10-11 10:50;IONEN;Calcium na filtratie (mg/l);66.0;mg/l;125290;470063
WP762044;2024-10-16 12:30;IONEN;Calcium na filtratie (mg/l);110.0;mg/l;121728;482650
WP762046;2024-10-16 13:20;IONEN;Calcium na filtratie (mg/l);69.0;mg/l;126160;476841
WP761903;2024-10-18 09:49;IONEN;Calcium na filtratie (mg/l);90.0;mg/l;119445;463875
WP762260;2024-10-18 10:11;IONEN;Calcium na filtratie (mg/l);220.0;mg/l;114383;466484
WP762770;2024-10-24 09:38;IONEN;Calcium na filtratie (mg/l);64.0;mg/l;126697;470310
WP763617;2024-11-04 11:04;IONEN;Calcium na filtratie (mg/l);69.0;mg/l;119349;493061
WP763933;2024-11-07 14:52;IONEN;Calcium na filtratie (mg/l);76.0;mg/l;128859;480426
WP765221;2024-11-14 12:10;IONEN;Calcium na filtratie (mg/l);100.0;mg/l;121728;482650
WP765223;2024-11-14 12:55;IONEN;Calcium na filtratie (mg/l);72.0;mg/l;126160;476841
WP765096;2024-11-20 11:43;IONEN;Calcium na filtratie (mg/l);250.0;mg/l;114383;466484
WP765312;2024-11-21 11:29;IONEN;Calcium na filtratie (mg/l);76.0;mg/l;119445;463875
WP764984;2024-11-28 08:30;IONEN;Calcium na filtratie (mg/l);59.0;mg/l;126697;470310
WP765687;2024-11-29 11:30;IONEN;Calcium na filtratie (mg/l);71.0;mg/l;125290;470063
WP766313;2024-12-05 09:05;IONEN;Calcium na filtratie (mg/l);74.0;mg/l;119349;493061
WP766649;2024-12-10 12:00;IONEN;Calcium na filtratie (mg/l);74.0;mg/l;125290;470063
WP766995;2024-12-12 09:25;IONEN;Calcium na filtratie (mg/l);190.0;mg/l;114383;466484
WP766382;2024-12-13 11:35;IONEN;Calcium na filtratie (mg/l);110.0;mg/l;121728;482650
WP766384;2024-12-13 12:25;IONEN;Calcium na filtratie (mg/l);75.0;mg/l;126160;476841
WP767730;2024-12-17 10:43;IONEN;Calcium na filtratie (mg/l);130.0;mg/l;119445;463875
WP766811;2024-12-18 11:29;IONEN;Calcium na filtratie (mg/l);84.0;mg/l;128859;480426
WP767568;2024-12-19 08:46;IONEN;Calcium na filtratie (mg/l);73.0;mg/l;126697;470310
WP768836;2025-01-09 11:06;IONEN;Calcium na filtratie (mg/l);100.0;mg/l;121728;482650
WP768838;2025-01-09 11:52;IONEN;Calcium na filtratie (mg/l);81.0;mg/l;126160;476841
WP769809;2025-01-16 10:10;IONEN;Calcium na filtratie (mg/l);100.0;mg/l;119445;463875
WP769786;2025-01-20 12:51;IONEN;Calcium na filtratie (mg/l);98.0;mg/l;125290;470063
WP770307;2025-01-21 10:22;IONEN;Calcium na filtratie (mg/l);67.0;mg/l;119349;493061
WP769571;2025-01-22 10:40;IONEN;Calcium na filtratie (mg/l);100.0;mg/l;128859;480426
WP770376;2025-01-24 08:58;IONEN;Calcium na filtratie (mg/l);99.0;mg/l;126697;470310
WP771226;2025-02-06 10:55;IONEN;Calcium na filtratie (mg/l);110.0;mg/l;121728;482650
WP771228;2025-02-06 11:35;IONEN;Calcium na filtratie (mg/l);71.0;mg/l;126160;476841
WP771211;2025-02-07 10:35;IONEN;Calcium na filtratie (mg/l);73.0;mg/l;125290;470063
WP771733;2025-02-12 10:05;IONEN;Calcium na filtratie (mg/l);79.0;mg/l;123630;481399
WP772577;2025-02-19 10:00;IONEN;Calcium na filtratie (mg/l);91.0;mg/l;128859;480426
WP772951;2025-02-24 12:15;IONEN;Calcium na filtratie (mg/l);71.0;mg/l;119349;493061
WP773308;2025-02-26 09:45;IONEN;Calcium na filtratie (mg/l);84.0;mg/l;126697;470310
WP771956;2025-02-27 09:57;IONEN;Calcium na filtratie (mg/l);150.0;mg/l;119445;463875
WP774086;2025-03-06 11:45;IONEN;Calcium na filtratie (mg/l);130.0;mg/l;121728;482650
WP774088;2025-03-06 12:41;IONEN;Calcium na filtratie (mg/l);80.0;mg/l;126160;476841
WP774769;2025-03-14 10:20;IONEN;Calcium na filtratie (mg/l);110.0;mg/l;119445;463875
WP775329;2025-03-17 10:45;IONEN;Calcium na filtratie (mg/l);91.0;mg/l;128859;480426
WP775189;2025-03-17 11:28;IONEN;Calcium na filtratie (mg/l);74.0;mg/l;125290;470063
WP775945;2025-03-24 10:12;IONEN;Calcium na filtratie (mg/l);75.0;mg/l;119349;493061
WP776186;2025-03-25 08:52;IONEN;Calcium na filtratie (mg/l);82.0;mg/l;126697;470310
WP777217;2025-04-01 10:52;IONEN;Calcium na filtratie (mg/l);110.0;mg/l;119445;463875
WP777284;2025-04-04 10:20;IONEN;Calcium na filtratie (mg/l);100.0;mg/l;123630;481399
WP777300;2025-04-04 11:50;IONEN;Calcium na filtratie (mg/l);110.0;mg/l;121728;482650
WP777303;2025-04-04 13:46;IONEN;Calcium na filtratie (mg/l);79.0;mg/l;126160;476841
WP777506;2025-04-07 11:15;IONEN;Calcium na filtratie (mg/l);100.0;mg/l;128859;480426
WP778854;2025-04-22 10:00;IONEN;Calcium na filtratie (mg/l);78.0;mg/l;125290;470063
WP779086;2025-04-24 08:32;IONEN;Calcium na filtratie (mg/l);79.0;mg/l;126697;470310
WP779380;2025-04-28 09:50;IONEN;Calcium na filtratie (mg/l);77.0;mg/l;119349;493061
WP782562;2025-05-08 09:36;IONEN;Calcium na filtratie (mg/l);75.0;mg/l;126160;476841
WP782559;2025-05-08 10:35;IONEN;Calcium na filtratie (mg/l);120.0;mg/l;121728;482650
WP783551;2025-05-16 08:50;IONEN;Calcium na filtratie (mg/l);81.0;mg/l;128859;480426
WP783748;2025-05-19 14:09;IONEN;Calcium na filtratie (mg/l);79.0;mg/l;125290;470063
WP783883;2025-05-20 10:30;IONEN;Calcium na filtratie (mg/l);150.0;mg/l;119445;463875
WP783808;2025-05-20 10:45;IONEN;Calcium na filtratie (mg/l);75.0;mg/l;119349;493061
